Date,Children apprehended and placed in CBP custody*,Children in CBP custody,Children transferred out of CBP custody,Children in HHS Care,Children discharged from HHS Care,Transfer Efficiency Ratio,Discharge Effectiveness Index,Pipeline Throughput Rate,Backlog Accumulation Rate,Outcome Stability Score,Combined Efficiency Score,Months
"December 21, 2025",6,18,11,"2,484",14,0.6111111111,0.005636070853,1.470588235,-8,0.001309799026,-7.998690201,01/12/2025
"December 18, 2025",11,50,6,"2,472",16,0.12,0.006472491909,1.294117647,-5,0.001173925841,-4.998826074,01/12/2025
"December 17, 2025",7,31,11,"2,481",10,0.3548387097,0.004030632809,1.166666667,-3,0.0004555179899,-2.999544482,01/12/2025
"December 16, 2025",8,54,15,"2,468",9,0.2777777778,0.003646677472,1.043478261,-1,0.0007992922032,-0.9992007078,01/12/2025
"December 15, 2025",11,42,9,"2,470",7,0.2142857143,0.002834008097,0.8,4,0.001033554594,4.001033555,01/12/2025
"December 14, 2025",8,35,4,"2,462",8,0.1142857143,0.003249390739,1,0,0.001232994721,0.001232994721,01/12/2025
"December 11, 2025",7,47,9,"2,437",10,0.1914893617,0.004103405827,1.1875,-3,0.001264154256,-2.998735846,01/12/2025
"December 10, 2025",10,54,5,"2,439",9,0.09259259259,0.0036900369,0.9333333333,1,0.001257281644,1.001257282,01/12/2025
"December 09, 2025",4,30,7,"2,443",8,0.2333333333,0.0032746623,1.363636364,-4,0.00125797549,-3.998742025,01/12/2025
"December 08, 2025",9,27,9,"2,440",4,0.3333333333,0.001639344262,0.7222222222,5,0.00186193773,5.001861938,01/12/2025
"December 07, 2025",4,24,13,"2,429",12,0.5416666667,0.004940304652,1.470588235,-8,0.001750313024,-7.998249687,01/12/2025
"December 04, 2025",16,39,7,"2,418",13,0.1794871795,0.005376344086,0.8695652174,3,0.001705831027,3.001705831,01/12/2025
"December 03, 2025",4,32,8,"2,419",7,0.25,0.002893757751,1.25,-3,0.001728094425,-2.998271906,01/12/2025
"December 02, 2025",7,34,6,"2,407",8,0.1764705882,0.003323639385,1.076923077,-1,0.00204509697,-0.997954903,01/12/2025
"December 01, 2025",4,26,4,"2,410",9,0.1538461538,0.003734439834,1.625,-5,0.002071145554,-4.997928854,01/12/2025
"November 30, 2025",4,18,10,"2,415",0,0.5555555556,0,0.7142857143,4,0.002112330465,4.00211233,01/11/2025
"November 27, 2025",4,24,8,"2,389",7,0.3333333333,0.002930096275,1.25,-3,0.001715507314,-2.998284493,01/11/2025
"November 25, 2025",6,47,14,"2,375",11,0.2978723404,0.004631578947,1.25,-5,0.001683350915,-4.998316649,01/11/2025
"November 24, 2025",9,40,9,"2,371",13,0.225,0.0054829186,1.222222222,-4,0.001760969255,-3.998239031,01/11/2025
"November 23, 2025",3,46,22,"2,375",1,0.4782608696,0.0004210526316,0.92,2,0.001585260899,2.001585261,01/11/2025
"November 20, 2025",18,57,8,"2,340",9,0.1403508772,0.003846153846,0.6538461538,9,0.001093446473,9.001093446,01/11/2025
"November 19, 2025",7,32,3,"2,340",10,0.09375,0.004273504274,1.3,-3,0.001496227922,-2.998503772,01/11/2025
"November 18, 2025",2,38,8,"2,345",12,0.2105263158,0.005117270789,2,-10,0.001646438598,-9.998353561,01/11/2025
"November 17, 2025",1,35,6,"2,343",8,0.1714285714,0.00341442595,2,-7,0.002476096675,-6.997523903,01/11/2025
"November 16, 2025",5,22,3,"2,340",5,0.1363636364,0.002136752137,1,0,0.002489169727,0.002489169727,01/11/2025
"November 13, 2025",6,26,16,"2,317",5,0.6153846154,0.002157962883,0.9545454545,1,0.002387066174,1.002387066,01/11/2025
"November 12, 2025",14,48,20,"2,302",7,0.4166666667,0.003040834057,0.7941176471,7,0.002273676036,7.002273676,01/11/2025
"November 11, 2025",11,39,12,"2,294",14,0.3076923077,0.006102877071,1.130434783,-3,0.002270251584,-2.997729748,01/11/2025
"November 09, 2025",11,33,5,"2,294",4,0.1515151515,0.001743679163,0.5625,7,0.002188485543,7.002188486,01/11/2025
"November 06, 2025",6,33,9,"2,264",19,0.2727272727,0.008392226148,1.866666667,-13,0.002124921465,-12.99787508,01/11/2025
"November 05, 2025",8,41,8,"2,272",7,0.1951219512,0.003080985915,0.9375,1,0.001742947083,1.001742947,01/11/2025
"November 04, 2025",6,33,6,"2,270",8,0.1818181818,0.003524229075,1.166666667,-2,0.001657425724,-1.998342574,01/11/2025
"November 03, 2025",3,28,5,"2,269",12,0.1785714286,0.005288673424,2.125,-9,0.001596901523,-8.998403098,01/11/2025
"November 02, 2025",5,21,10,"2,277",7,0.4761904762,0.003074220466,1.133333333,-2,0.002019237181,-1.997980763,01/11/2025
"October 30, 2025",3,17,14,"2,287",12,0.8235294118,0.005247048535,1.529411765,-9,0.001815685732,-8.998184314,01/10/2025
"October 29, 2025",6,25,4,"2,280",17,0.16,0.007456140351,2.1,-11,0.001892815206,-10.99810718,01/10/2025
"October 28, 2025",6,22,11,"2,286",6,0.5,0.002624671916,1,0,0.00174272817,0.00174272817,01/10/2025
"October 27, 2025",2,31,8,"2,282",11,0.2580645161,0.004820333041,1.9,-9,0.001655614785,-8.998344385,01/10/2025
"October 26, 2025",4,35,12,"2,276",10,0.3428571429,0.004393673111,1.375,-6,0.001670772026,-5.998329228,01/10/2025
"October 23, 2025",4,27,26,"2,266",18,0.962962963,0.007943512798,1.466666667,-14,0.001857003238,-13.998143,01/10/2025
"October 22, 2025",12,42,13,"2,261",12,0.3095238095,0.005307386112,1,0,0.0013175109,0.0013175109,01/10/2025
"October 21, 2025",13,39,17,"2,251",9,0.4358974359,0.003998223012,0.8666666667,4,0.001344588598,4.001344589,01/10/2025
"October 20, 2025",10,39,6,"2,243",7,0.1538461538,0.00312082033,0.8125,3,0.001472298454,3.001472298,01/10/2025
"October 19, 2025",9,34,17,"2,237",7,0.5,0.003129190881,0.9230769231,2,0.001925350108,2.00192535,01/10/2025
"October 16, 2025",9,33,15,"2,233",9,0.4545454545,0.004030452306,1,0,0.001792872076,0.001792872076,01/10/2025
"October 15, 2025",8,29,10,"2,225",15,0.3448275862,0.006741573034,1.388888889,-7,0.001756443162,-6.998243557,01/10/2025
"October 14, 2025",7,30,16,"2,235",8,0.5333333333,0.003579418345,1.043478261,-1,0.001863361224,-0.9981366388,01/10/2025
"October 13, 2025",8,24,7,"2,223",6,0.2916666667,0.002699055331,0.8666666667,2,0.001888063612,2.001888064,01/10/2025
"October 09, 2025",11,55,13,"2,192",12,0.2363636364,0.005474452555,1.041666667,-1,0.001357100465,-0.9986428995,01/10/2025
"October 08, 2025",8,49,15,"2,192",17,0.306122449,0.007755474453,1.391304348,-9,0.001764128437,-8.998235872,01/10/2025
"October 07, 2025",11,45,4,"2,189",10,0.08888888889,0.004568296026,0.9333333333,1,0.001573756741,1.001573757,01/10/2025
"October 06, 2025",5,33,15,"2,187",10,0.4545454545,0.004572473708,1.25,-5,0.001622767136,-4.998377233,01/10/2025
"October 05, 2025",8,28,13,"2,180",16,0.4642857143,0.007339449541,1.380952381,-8,0.001853489145,-7.998146511,01/10/2025
"October 02, 2025",20,51,15,"2,164",16,0.2941176471,0.007393715342,0.8857142857,4,0.001931061233,4.001931061,01/10/2025
"October 01, 2025",4,33,12,"2,163",14,0.3636363636,0.006472491909,1.625,-10,0.001897140741,-9.998102859,01/10/2025
"September 30, 2025",8,32,12,"2,159",7,0.375,0.003242241779,0.95,1,0.00197352093,1.001973521,01/09/2025
"September 29, 2025",8,35,12,"2,148",13,0.3428571429,0.006052141527,1.25,-5,0.002194875201,-4.997805125,01/09/2025
"September 28, 2025",11,29,12,"2,146",9,0.4137931034,0.004193849021,0.9130434783,2,0.002219234437,2.002219234,01/09/2025
"September 25, 2025",6,35,12,"2,132",18,0.3428571429,0.008442776735,1.666666667,-12,0.002088421694,-11.99791158,01/09/2025
"September 24, 2025",3,38,12,"2,138",17,0.3157894737,0.007951356408,1.933333333,-14,0.001835657024,-13.99816434,01/09/2025
"September 23, 2025",11,36,10,"2,145",15,0.2777777778,0.006993006993,1.19047619,-4,0.001588941172,-3.998411059,01/09/2025
"September 22, 2025",17,40,14,"2,141",10,0.35,0.004670714619,0.7741935484,7,0.00173607703,7.001736077,01/09/2025
"September 21, 2025",8,35,13,"2,134",5,0.3714285714,0.002343017807,0.8571428571,3,0.001859147984,3.001859148,01/09/2025
"September 18, 2025",20,52,11,"2,096",14,0.2115384615,0.006679389313,0.8064516129,6,0.00223668003,6.00223668,01/09/2025
"September 17, 2025",7,38,5,"2,096",13,0.1315789474,0.006202290076,1.5,-6,0.002261823807,-5.997738176,01/09/2025
"September 16, 2025",7,28,17,"2,095",12,0.6071428571,0.005727923628,1.208333333,-5,0.002399707602,-4.997600292,01/09/2025
"September 15, 2025",9,47,10,"2,086",10,0.2127659574,0.004793863854,1.052631579,-1,0.0024299295,-0.9975700705,01/09/2025
"September 14, 2025",7,39,13,"2,083",5,0.3333333333,0.002400384061,0.9,2,0.002586681633,2.002586682,01/09/2025
"September 11, 2025",12,38,29,"2,047",6,0.7631578947,0.00293111871,0.8536585366,6,0.002338756022,6.002338756,01/09/2025
"September 10, 2025",10,47,14,"2,025",18,0.2978723404,0.008888888889,1.333333333,-8,0.002144999442,-7.997855001,01/09/2025
"September 09, 2025",18,42,11,"2,023",14,0.2619047619,0.006920415225,0.8620689655,4,0.001802565653,4.001802566,01/09/2025
"September 08, 2025",7,25,5,"2,025",6,0.2,0.002962962963,0.9166666667,1,0.002216633684,1.002216634,01/09/2025
"September 07, 2025",4,19,9,"2,026",7,0.4736842105,0.003455083909,1.230769231,-3,0.002648646359,-2.997351354,01/09/2025
"September 04, 2025",11,40,2,"2,015",14,0.05,0.006947890819,1.230769231,-3,0.002498169017,-2.997501831,01/09/2025
"September 03, 2025",4,29,11,"2,019",10,0.3793103448,0.004952947003,1.4,-6,0.002498872047,-5.997501128,01/09/2025
"September 02, 2025",6,35,9,"2,020",9,0.2571428571,0.004455445545,1.2,-3,0.002839783775,-2.997160216,01/09/2025
"September 01, 2025",10,29,17,"2,010",5,0.5862068966,0.002487562189,0.8148148148,5,0.003277518669,5.003277519,01/09/2025
"August 28, 2025",8,33,6,"1,984",17,0.1818181818,0.008568548387,1.642857143,-9,0.002844100617,-8.997155899,01/08/2025
"August 27, 2025",5,19,9,"1,988",19,0.4736842105,0.009557344064,2,-14,0.00280595918,-13.99719404,01/08/2025
"August 26, 2025",10,21,20,"1,989",15,0.9523809524,0.00754147813,1.166666667,-5,0.002515460656,-4.997484539,01/08/2025
"August 25, 2025",8,30,8,"1,980",11,0.2666666667,0.005555555556,1.1875,-3,0.002996901529,-2.997003098,01/08/2025
"August 24, 2025",4,21,5,"1,981",5,0.2380952381,0.002523977789,1.111111111,-1,0.002996627215,-0.9970033728,01/08/2025
"August 21, 2025",6,49,8,"1,972",21,0.1632653061,0.01064908722,2.071428571,-15,0.002889382198,-14.99711062,01/08/2025
"August 20, 2025",10,38,10,"1,983",10,0.2631578947,0.005042864347,1,0,0.002181287792,0.002181287792,01/08/2025
"August 19, 2025",5,35,3,"1,980",11,0.08571428571,0.005555555556,1.75,-6,0.00238194968,-5.99761805,01/08/2025
"August 18, 2025",4,20,6,"1,985",14,0.3,0.007052896725,2,-10,0.002379892136,-9.997620108,01/08/2025
"August 17, 2025",4,14,2,"1,991",3,0.1428571429,0.001506780512,0.8333333333,1,0.0025361466,1.002536147,01/08/2025
"August 14, 2025",3,27,4,"1,994",11,0.1481481481,0.005516549649,2.142857143,-8,0.001560007333,-7.998439993,01/08/2025
"August 13, 2025",6,22,12,"1,997",17,0.5454545455,0.008512769154,1.611111111,-11,0.001462103529,-10.9985379,01/08/2025
"August 12, 2025",8,38,9,"1,999",9,0.2368421053,0.004502251126,1.058823529,-1,0.001290038392,-0.9987099616,01/08/2025
"August 11, 2025",6,23,4,"1,999",16,0.1739130435,0.008004002001,2,-10,0.001946372833,-9.998053627,01/08/2025
"August 10, 2025",0,18,8,"2,006",12,0.4444444444,0.005982053838,2.5,-12,0.001866121201,-11.99813388,01/08/2025
"August 07, 2025",4,18,6,"2,031",17,0.3333333333,0.008370260955,2.3,-13,0.001933043228,-12.99806696,01/08/2025
"August 06, 2025",4,17,3,"2,036",13,0.1764705882,0.006385068762,2.285714286,-9,0.001770684742,-8.998229315,01/08/2025
"August 05, 2025",2,21,10,"2,042",14,0.4761904762,0.006856023506,2,-12,0.001781587613,-11.99821841,01/08/2025
"August 04, 2025",5,22,11,"2,040",14,0.5,0.006862745098,1.5625,-9,0.002378445057,-8.997621555,01/08/2025
"August 03, 2025",5,26,3,"2,049",5,0.1153846154,0.002440214739,1,0,0.003959315472,0.003959315472,01/08/2025
"July 31, 2025",2,9,6,"2,058",15,0.6666666667,0.007288629738,2.625,-13,0.003530181455,-12.99646982,01/07/2025
"July 30, 2025",4,15,4,"2,063",16,0.2666666667,0.007755695589,2.5,-12,0.003533590017,-11.99646641,01/07/2025
"July 29, 2025",2,8,3,"2,072",12,0.375,0.005791505792,3,-10,0.003528678919,-9.996471321,01/07/2025
"July 28, 2025",2,9,3,"2,080",14,0.3333333333,0.006730769231,3.4,-12,0.003483614451,-11.99651639,01/07/2025
"July 27, 2025",1,12,2,"2,088",4,0.1666666667,0.001915708812,2,-3,0.003593794462,-2.996406206,01/07/2025
"July 24, 2025",6,18,7,"2,096",29,0.3888888889,0.01383587786,2.769230769,-23,0.00273434193,-22.99726566,01/07/2025
"July 23, 2025",6,21,5,"2,111",14,0.2380952381,0.006631927996,1.727272727,-8,0.002076099899,-7.9979239,01/07/2025
"July 22, 2025",5,13,3,"2,117",16,0.2307692308,0.007557864903,2.375,-11,0.002395636796,-10.99760436,01/07/2025
"July 21, 2025",4,18,7,"2,121",16,0.3888888889,0.007543611504,2.090909091,-12,0.004426786984,-11.99557321,01/07/2025
"July 17, 2025",3,16,2,"2,153",17,0.125,0.007895959127,3.8,-14,0.004767113618,-13.99523289,01/07/2025
"July 16, 2025",1,9,0,"2,164",11,0,0.005083179298,11,-10,0.004724181969,-9.995275818,01/07/2025
"July 15, 2025",0,8,5,"2,171",17,0.625,0.00783049286,4.4,-17,0.004289941844,-16.99571006,01/07/2025
"July 14, 2025",2,9,1,"2,181",26,0.1111111111,0.01192113709,9,-24,0.004996728914,-23.99500327,01/07/2025
"July 13, 2025",1,13,4,"2,204",10,0.3076923077,0.004537205082,2.8,-9,0.005501347132,-8.994498653,01/07/2025
"July 10, 2025",2,12,3,"2,252",39,0.25,0.01731793961,8.4,-37,0.004928975699,-36.99507102,01/07/2025
"July 09, 2025",2,18,0,"2,281",32,0,0.01402893468,16,-30,0.004270788122,-29.99572921,01/07/2025
"July 08, 2025",5,16,8,"2,306",20,0.5,0.008673026886,2.153846154,-15,0.003783603278,-14.9962164,01/07/2025
"July 07, 2025",3,18,8,"2,317",20,0.4444444444,0.008631851532,2.545454545,-17,0.00433558496,-16.99566442,01/07/2025
"July 06, 2025",4,17,2,"2,332",8,0.1176470588,0.003430531732,1.666666667,-4,0.004318641075,-3.995681359,01/07/2025
"July 02, 2025",8,20,9,"2,373",38,0.45,0.01601348504,2.764705882,-30,0.003703025549,-29.99629697,01/07/2025
"July 01, 2025",7,14,6,"2,391",22,0.4285714286,0.009201171058,2.153846154,-15,0.002761262955,-14.99723874,01/07/2025
"June 30, 2025",9,22,8,"2,407",16,0.3636363636,0.00664727877,1.411764706,-7,0.003546242952,-6.996453757,01/06/2025
"June 29, 2025",5,17,7,"2,413",20,0.4117647059,0.00828843763,2.25,-15,0.003521020337,-14.99647898,01/06/2025
"June 26, 2025",3,9,7,"2,447",35,0.7777777778,0.01430322844,4.2,-32,0.003625753207,-31.99637425,01/06/2025
"June 25, 2025",6,12,2,"2,470",24,0.1666666667,0.00971659919,3.25,-18,0.002154496309,-17.9978455,01/06/2025
"June 24, 2025",5,20,5,"2,489",16,0.25,0.006428284452,2.1,-11,0.001671303384,-10.9983287,01/06/2025
"June 23, 2025",3,15,5,"2,495",17,0.3333333333,0.006813627255,2.75,-14,0.001596425253,-13.99840357,01/06/2025
"June 22, 2025",7,13,5,"2,508",7,0.3846153846,0.002791068581,1,0,0.001946663611,0.001946663611,01/06/2025
"June 19, 2025",8,19,7,"2,501",18,0.3684210526,0.007197121152,1.666666667,-10,0.001600503117,-9.998399497,01/06/2025
"June 17, 2025",7,24,10,"2,523",14,0.4166666667,0.005548949663,1.411764706,-7,0.001493108081,-6.998506892,01/06/2025
"June 10, 2025",17,28,7,"2,511",12,0.25,0.004778972521,0.7916666667,5,0.001511791976,5.001511792,01/06/2025
"June 09, 2025",8,21,14,"2,516",9,0.6666666667,0.003577106518,1.045454545,-1,0.001515453663,-0.9984845463,01/06/2025
"June 08, 2025",10,16,15,"2,507",13,0.9375,0.005185480654,1.12,-3,0.001337982635,-2.998662017,01/06/2025
"June 05, 2025",8,26,5,"2,503",21,0.1923076923,0.008389932082,2,-13,0.001309259857,-12.99869074,01/06/2025
"June 04, 2025",4,16,9,"2,516",16,0.5625,0.006359300477,1.923076923,-12,0.0008795266544,-11.99912047,01/06/2025
"June 03, 2025",5,23,11,"2,519",15,0.4782608696,0.005954743946,1.625,-10,0.0008318351973,-9.999168165,01/06/2025
"June 02, 2025",10,19,5,"2,518",16,0.2631578947,0.006354249404,1.4,-6,0.001102688095,-5.998897312,01/06/2025
"June 01, 2025",8,24,16,"2,528",12,0.6666666667,0.004746835443,1.166666667,-4,0.001534010478,-3.99846599,01/06/2025
"May 29, 2025",13,38,15,"2,506",11,0.3947368421,0.004389465283,0.9285714286,2,0.001611676794,2.001611677,01/05/2025
"May 28, 2025",12,39,12,"2,499",14,0.3076923077,0.005602240896,1.083333333,-2,0.001634660331,-1.99836534,01/05/2025
"May 27, 2025",6,24,7,"2,504",11,0.2916666667,0.004392971246,1.384615385,-5,0.001621515815,-4.998378484,01/05/2025
"May 22, 2025",18,36,17,"2,473",15,0.4722222222,0.006065507481,0.9142857143,3,0.001612786119,3.001612786,01/05/2025
"May 21, 2025",14,62,13,"2,467",18,0.2096774194,0.007296311309,1.148148148,-4,0.001678832177,-3.998321168,01/05/2025
"May 19, 2025",7,27,17,"2,457",6,0.6296296296,0.002442002442,0.9583333333,1,0.001535498347,1.001535498,01/05/2025
"May 18, 2025",13,28,14,"2,437",9,0.5,0.003693065244,0.8518518519,4,0.001480435811,4.001480436,01/05/2025
"May 15, 2025",15,31,14,"2,410",14,0.4516129032,0.005809128631,0.9655172414,1,0.001481242211,1.001481242,01/05/2025
"May 14, 2025",7,30,14,"2,394",11,0.4666666667,0.004594820384,1.19047619,-4,0.00172101733,-3.998278983,01/05/2025
"May 13, 2025",18,29,12,"2,394",11,0.4137931034,0.004594820384,0.7666666667,7,0.002094841662,7.002094842,01/05/2025
"May 12, 2025",7,33,14,"2,392",7,0.4242424242,0.002926421405,1,0,0.002283015482,0.002283015482,01/05/2025
"May 11, 2025",15,20,12,"2,385",3,0.6,0.001257861635,0.5555555556,12,0.002410030737,12.00241003,01/05/2025
"May 08, 2025",15,24,16,"2,361",11,0.6666666667,0.004659042778,0.8709677419,4,0.001846360688,4.001846361,01/05/2025
"May 07, 2025",10,30,15,"2,335",10,0.5,0.004282655246,1,0,0.001865725694,0.001865725694,01/05/2025
"May 06, 2025",10,33,16,"2,339",16,0.4848484848,0.006840530141,1.230769231,-6,0.001983380451,-5.99801662,01/05/2025
"May 05, 2025",15,44,20,"2,331",17,0.4545454545,0.007293007293,1.057142857,-2,0.002312075037,-1.997687925,01/05/2025
"May 04, 2025",9,31,10,"2,335",5,0.3225806452,0.002141327623,0.7894736842,4,0.002085154654,4.002085155,01/05/2025
"May 01, 2025",13,32,14,"2,306",16,0.4375,0.006938421509,1.111111111,-3,0.001802137063,-2.998197863,01/05/2025
"April 30, 2025",7,34,9,"2,309",12,0.2647058824,0.005197055002,1.3125,-5,0.001889909087,-4.998110091,01/04/2025
"April 29, 2025",11,25,11,"2,304",15,0.44,0.006510416667,1.181818182,-4,0.002081483525,-3.997918516,01/04/2025
"April 28, 2025",6,26,12,"2,307",8,0.4615384615,0.003467706979,1.111111111,-2,0.002129714494,-1.997870286,01/04/2025
"April 27, 2025",9,40,12,"2,301",4,0.3,0.00173837462,0.7619047619,5,0.002269236842,5.002269237,01/04/2025
"April 24, 2025",3,9,7,"2,294",13,0.7777777778,0.00566695728,2,-10,0.002024431232,-9.997975569,01/04/2025
"April 23, 2025",3,23,4,"2,300",11,0.1739130435,0.004782608696,2.142857143,-8,0.002021870719,-7.997978129,01/04/2025
"April 22, 2025",7,19,14,"2,305",17,0.7368421053,0.00737527115,1.476190476,-10,0.00209644148,-9.997903559,01/04/2025
"April 21, 2025",10,25,5,"2,308",6,0.2,0.00259965338,0.7333333333,4,0.001850491781,4.001850492,01/04/2025
"April 20, 2025",4,15,6,"2,305",4,0.4,0.001735357918,1,0,0.001820089535,0.001820089535,01/04/2025
"April 17, 2025",7,26,10,"2,288",14,0.3846153846,0.006118881119,1.411764706,-7,0.0016899329,-6.998310067,01/04/2025
"April 16, 2025",11,30,5,"2,291",8,0.1666666667,0.003491924924,0.8125,3,0.001399361412,3.001399361,01/04/2025
"April 15, 2025",4,19,12,"2,286",7,0.6315789474,0.003062117235,1.1875,-3,0.001430892036,-2.998569108,01/04/2025
"April 14, 2025",5,26,9,"2,282",13,0.3461538462,0.00569675723,1.571428571,-8,0.001484540714,-7.998515459,01/04/2025
"April 13, 2025",5,26,10,"2,283",3,0.3846153846,0.001314060447,0.8666666667,2,0.001278628716,2.001278629,01/04/2025
"April 11, 2025",8,22,8,"2,267",9,0.3636363636,0.003970004411,1.0625,-1,0.001030135561,-0.9989698644,01/04/2025
"April 10, 2025",18,25,17,"2,265",6,0.68,0.002649006623,0.6571428571,12,0.00123109599,12.0012311,01/04/2025
"April 09, 2025",6,19,10,"2,251",5,0.5263157895,0.002221235007,0.9375,1,0.001525551998,1.001525552,01/04/2025
"April 08, 2025",12,34,12,"2,243",9,0.3529411765,0.004012483281,0.875,3,0.001518105107,3.001518105,01/04/2025
"April 07, 2025",12,22,9,"2,237",5,0.4090909091,0.002235136343,0.6666666667,7,0.001748195626,7.001748196,01/04/2025
"April 06, 2025",7,14,7,"2,234",11,0.5,0.004923903312,1.285714286,-4,0.001902977808,-3.998097022,01/04/2025
"April 03, 2025",12,26,18,"2,223",8,0.6923076923,0.003598740441,0.8666666667,4,0.001746714807,4.001746715,01/04/2025
"April 02, 2025",5,31,16,"2,208",3,0.5161290323,0.001358695652,0.9047619048,2,0.001664985342,2.001664985,01/04/2025
"April 01, 2025",17,36,7,"2,191",12,0.1944444444,0.005476951164,0.7916666667,5,0.001680589893,5.00168059,01/04/2025
"March 31, 2025",9,25,8,"2,193",5,0.32,0.00227998176,0.7647058824,4,0.001033420927,4.001033421,01/03/2025
"March 30, 2025",9,20,5,"2,188",2,0.25,0.0009140767824,0.5,7,0.001185031586,7.001185032,01/03/2025
"March 27, 2025",1,19,13,"2,159",2,0.6842105263,0.0009263547939,1.071428571,-1,0.00139024878,-0.9986097512,01/03/2025
"March 26, 2025",9,21,15,"2,159",2,0.7142857143,0.0009263547939,0.7083333333,7,0.00132403131,7.001324031,01/03/2025
"March 25, 2025",12,19,7,"2,145",6,0.3684210526,0.002797202797,0.6842105263,6,0.001086822097,6.001086822,01/03/2025
"March 24, 2025",7,13,11,"2,139",7,0.8461538462,0.00327255727,1,0,0.001123013458,0.001123013458,01/03/2025
"March 23, 2025",15,29,9,"2,136",2,0.3103448276,0.000936329588,0.4583333333,13,0.001123937485,13.00112394,01/03/2025
"March 20, 2025",9,20,11,"2,124",7,0.55,0.00329566855,0.9,2,0.0006541001849,2.0006541,01/03/2025
"March 19, 2025",6,22,14,"2,119",9,0.6363636364,0.004247286456,1.15,-3,0.002353094608,-2.997646905,01/03/2025
"March 18, 2025",19,34,6,"2,109",8,0.1764705882,0.003793266951,0.56,11,0.003398208328,11.00339821,01/03/2025
"March 17, 2025",5,14,0,"2,111",8,0,0.003789673141,1.6,-3,0.004639275047,-2.995360725,01/03/2025
"March 16, 2025",1,9,8,"2,117",5,0.8888888889,0.002361832782,1.444444444,-4,0.005313412807,-3.994686587,01/03/2025
"March 13, 2025",4,20,9,"2,116",6,0.45,0.002835538752,1.153846154,-2,0.005643151572,-1.994356848,01/03/2025
"March 12, 2025",6,18,2,"2,113",8,0.1111111111,0.003786086133,1.25,-2,0.004541076113,-1.995458924,01/03/2025
"March 11, 2025",3,11,7,"2,116",20,0.6363636364,0.009451795841,2.7,-17,0.002886614629,-16.99711339,01/03/2025
"March 10, 2025",6,28,8,"2,125",23,0.2857142857,0.01082352941,2.214285714,-17,0.002418098584,-16.9975819,01/03/2025
"March 09, 2025",12,25,15,"2,137",30,0.6,0.01403837155,1.666666667,-18,0.002150155301,-17.99784984,01/03/2025
"March 06, 2025",7,27,6,"2,218",33,0.2222222222,0.01487826871,3,-26,0.002804111115,-25.99719589,01/03/2025
"March 05, 2025",5,20,4,"2,238",40,0.2,0.01787310098,4.888888889,-35,0.003117497294,-34.9968825,01/03/2025
"March 04, 2025",4,25,10,"2,272",30,0.4,0.01320422535,2.857142857,-26,0.002336832262,-25.99766317,01/03/2025
"March 03, 2025",8,29,18,"2,287",25,0.6206896552,0.01093135111,1.653846154,-17,0.002507899467,-16.9974921,01/03/2025
"March 02, 2025",12,24,4,"2,297",31,0.1666666667,0.01349586417,2.1875,-19,0.002481868522,-18.99751813,01/03/2025
"February 27, 2025",10,15,17,"2,391",37,1.133333333,0.01547469678,2,-27,0.00293406745,-26.99706593,01/02/2025
"February 26, 2025",12,21,1,"2,411",23,0.04761904762,0.00953961012,1.846153846,-11,0.003515701051,-10.9964843,01/02/2025
"February 25, 2025",11,7,7,"2,413",23,1,0.009531703274,1.666666667,-12,0.003782150355,-11.99621785,01/02/2025
"February 24, 2025",20,22,14,"2,413",24,0.6363636364,0.009946125155,1.117647059,-4,0.007657578265,-3.992342422,01/02/2025
"February 23, 2025",7,16,8,"2,423",35,0.5,0.01444490301,2.866666667,-28,0.008908993544,-27.99109101,01/02/2025
"February 20, 2025",13,25,15,"2,520",32,0.6,0.0126984127,1.678571429,-19,0.009059552427,-18.99094045,01/02/2025
"February 19, 2025",12,17,17,"2,528",19,1,0.007515822785,1.24137931,-7,0.009531086406,-6.990468914,01/02/2025
"February 18, 2025",18,19,11,"2,536",9,0.5789473684,0.003548895899,0.6896551724,9,0.01111572711,9.011115727,01/02/2025
"February 17, 2025",8,17,14,"2,532",15,0.8235294118,0.005924170616,1.318181818,-7,0.01250223195,-6.987497768,01/02/2025
"February 13, 2025",15,10,23,"2,703",72,2.3,0.02663706992,2.5,-57,0.009233168799,-56.99076683,01/02/2025
"February 12, 2025",16,20,20,"2,752",66,1,0.02398255814,2.388888889,-50,0.009579108621,-49.99042089,01/02/2025
"February 11, 2025",11,22,12,"2,799",50,0.5454545455,0.01786352269,2.695652174,-39,0.009401015301,-38.99059898,01/02/2025
"February 10, 2025",16,18,15,"2,834",63,0.8333333333,0.02223006351,2.516129032,-47,0.01031544457,-46.98968456,01/02/2025
"February 09, 2025",15,13,23,"2,878",99,1.769230769,0.03439888812,3.210526316,-84,0.009267457632,-83.99073254,01/02/2025
"February 06, 2025",25,32,27,"3,181",145,0.84375,0.04558314995,3.307692308,-120,0.01025859665,-119.9897414,01/02/2025
"February 05, 2025",26,36,36,"3,290",104,1,0.03161094225,2.258064516,-78,0.009564136509,-77.99043586,01/02/2025
"February 04, 2025",34,54,29,"3,359",74,0.537037037,0.02203036618,1.634920635,-40,0.009573782625,-39.99042622,01/02/2025
"February 03, 2025",23,45,11,"3,403",102,0.2444444444,0.02997355275,3.323529412,-79,0.009384273688,-78.99061573,01/02/2025
"February 02, 2025",20,22,41,"3,483",168,1.863636364,0.04823428079,3.426229508,-148,0.009217053406,-147.9907829,01/02/2025
"January 30, 2025",47,42,47,"3,923",159,1.119047619,0.04053020647,2.191489362,-112,0.009475951005,-111.990524,01/01/2025
"January 29, 2025",32,50,39,"4,036",99,0.78,0.02452923687,1.943661972,-67,0.01096881315,-66.98903119,01/01/2025
"January 28, 2025",32,49,39,"4,096",101,0.7959183673,0.02465820313,1.971830986,-69,0.01091274081,-68.98908726,01/01/2025
"January 27, 2025",33,53,34,"4,161",127,0.641509434,0.03052150925,2.402985075,-94,0.01149726773,-93.98850273,01/01/2025
"January 26, 2025",29,51,11,"4,241",182,0.2156862745,0.04291440698,4.825,-153,0.01155789677,-152.9884421,01/01/2025
"January 23, 2025",91,75,97,"4,621",174,1.293333333,0.03765418741,1.441489362,-83,0.01022464298,-82.98977536,01/01/2025
"January 22, 2025",62,97,52,"4,717",83,0.5360824742,0.01759592962,1.184210526,-21,0.009368789324,-20.99063121,01/01/2025
"January 21, 2025",59,64,117,"4,728",54,1.828125,0.0114213198,0.9715909091,5,0.008890955206,5.008890955,01/01/2025
"January 20, 2025",84,118,136,"4,638",127,1.152542373,0.02738249245,1.195454545,-43,0.006426777585,-42.99357322,01/01/2025
"January 19, 2025",86,152,168,"4,628",176,1.105263158,0.03802938634,1.354330709,-90,0.006034421584,-89.99396558,01/01/2025
"January 16, 2025",106,196,131,"4,881",159,0.6683673469,0.03257529195,1.223628692,-53,0.00589925489,-52.99410075,01/01/2025
"January 15, 2025",113,162,107,"4,903",164,0.6604938272,0.03344890883,1.231818182,-51,0.007198712681,-50.99280129,01/01/2025
"January 14, 2025",92,124,93,"4,957",139,0.75,0.02804115392,1.254054054,-47,0.007193665096,-46.99280633,01/01/2025
"January 13, 2025",68,107,102,"5,019",181,0.953271028,0.03606296075,1.664705882,-113,0.006933863651,-112.9930661,01/01/2025
"January 12, 2025",74,103,80,"5,092",235,0.7766990291,0.04615082482,2.045454545,-161,0.007154653591,-160.9928453,01/01/2025
"January 09, 2025",56,82,68,"5,507",164,0.8292682927,0.02978027964,1.870967742,-108,0.004358176933,-107.9956418,01/01/2025
"January 08, 2025",38,80,82,"5,605",184,1.025,0.03282783229,2.216666667,-146,0.00433780932,-145.9956622,01/01/2025
"January 07, 2025",65,83,65,"5,703",133,0.7831325301,0.02332105909,1.523076923,-68,0.004445505321,-67.99555449,01/01/2025
"January 06, 2025",41,60,71,"5,769",190,1.183333333,0.03293465072,2.330357143,-149,0.005148717765,-148.9948513,01/01/2025
"January 05, 2025",43,73,64,"5,882",185,0.8767123288,0.03145188711,2.327102804,-142,0.006221535562,-141.9937785,01/01/2025
"January 02, 2025",35,70,53,"6,292",170,0.7571428571,0.02701843611,2.534090909,-135,0.005636279036,-134.9943637,01/01/2025
"January 01, 2025",25,66,94,"6,405",144,1.424242424,0.0224824356,2,-119,0.007006347795,-118.9929937,01/01/2025
"December 30, 2024",99,156,139,"6,454",177,0.891025641,0.0274248528,1.327731092,-78,0.008844974641,-77.99115503,01/12/2024
"December 29, 2024",107,170,133,"6,465",216,0.7823529412,0.03341067285,1.454166667,-109,0.009333586585,-108.9906664,01/12/2024
"December 26, 2024",80,122,152,"6,707",135,1.245901639,0.02012822424,1.237068966,-55,0.009673226423,-54.99032677,01/12/2024
"December 25, 2024",57,162,193,"6,689",107,1.191358025,0.01599641202,1.2,-50,0.00935183056,-49.99064817,01/12/2024
"December 24, 2024",161,304,211,"6,622",155,0.6940789474,0.02340682573,0.9838709677,6,0.008163434406,6.008163434,01/12/2024
"December 23, 2024",205,294,177,"6,548",231,0.6020408163,0.03527794746,1.068062827,-26,0.008044979796,-25.99195502,01/12/2024
"December 22, 2024",100,255,236,"6,595",268,0.9254901961,0.0406368461,1.5,-168,0.007765285795,-167.9922347,01/12/2024
"December 19, 2024",269,412,204,"6,600",238,0.4951456311,0.03606060606,0.9344608879,31,0.006302272889,31.00630227,01/12/2024
"December 18, 2024",168,285,210,"6,598",134,0.7368421053,0.0203091846,0.9100529101,34,0.005061724809,34.00506172,01/12/2024
"December 17, 2024",187,310,247,"6,506",151,0.7967741935,0.02320934522,0.9170506912,36,0.004531592296,36.00453159,01/12/2024
"December 16, 2024",133,287,189,"6,454",149,0.6585365854,0.02308645801,1.049689441,-16,0.004276135777,-15.99572386,01/12/2024
"December 15, 2024",180,337,219,"6,408",224,0.649851632,0.03495630462,1.110275689,-44,0.004172640962,-43.99582736,01/12/2024
"December 12, 2024",153,253,286,"6,481",194,1.130434783,0.02993365221,1.093394077,-41,0.00380393683,-40.99619606,01/12/2024
"December 11, 2024",209,353,232,"6,402",152,0.657223796,0.02374258044,0.8707482993,57,0.004030982334,57.00403098,01/12/2024
"December 10, 2024",167,326,213,"6,310",149,0.6533742331,0.0236133122,0.9526315789,18,0.004303004139,18.004303,01/12/2024
"December 09, 2024",224,315,152,"6,268",174,0.4825396825,0.02776005105,0.8670212766,50,0.004387197454,50.0043872,01/12/2024
"December 08, 2024",132,243,183,"6,286",172,0.7530864198,0.02736239262,1.126984127,-40,0.003849791613,-39.99615021,01/12/2024
"December 05, 2024",218,283,208,"6,310",150,0.7349823322,0.02377179081,0.8403755869,68,0.006375472278,68.00637547,01/12/2024
"December 04, 2024",118,245,160,"6,269",115,0.6530612245,0.01834423353,0.9892086331,3,0.006551001478,3.006551001,01/12/2024
"December 03, 2024",81,230,242,"6,192",107,1.052173913,0.01728036176,1.080495356,-26,0.006274787524,-25.99372521,01/12/2024
"December 02, 2024",236,330,222,"6,061",115,0.6727272727,0.01897376671,0.7358078603,121,0.007342243921,121.0073422,01/12/2024
"December 01, 2024",196,306,187,"5,986",149,0.6111111111,0.0248914133,0.8772845953,47,0.007418867479,47.00741887,01/12/2024
"November 28, 2024",113,280,237,"5,963",143,0.8464285714,0.02398121751,1.085714286,-30,0.007397025416,-29.99260297,01/11/2024
"November 27, 2024",239,367,224,"5,862",211,0.6103542234,0.03599454111,0.939524838,28,0.007304503082,28.0073045,01/11/2024
"November 26, 2024",152,272,214,"5,826",112,0.7867647059,0.01922416752,0.8907103825,40,0.00668891071,40.00668891,01/11/2024
"November 25, 2024",170,297,196,"5,715",129,0.6599326599,0.02257217848,0.8879781421,41,0.006123703914,41.0061237,01/11/2024
"November 24, 2024",191,283,192,"5,664",207,0.6784452297,0.03654661017,1.041775457,-16,0.005473883183,-15.99452612,01/11/2024
"November 21, 2024",109,214,173,"5,850",210,0.808411215,0.0358974359,1.358156028,-101,0.004756050026,-100.9952439,01/11/2024
"November 20, 2024",155,212,181,"5,879",148,0.8537735849,0.02517434938,0.9791666667,7,0.003610535244,7.003610535,01/11/2024
"November 19, 2024",119,209,152,"5,844",146,0.7272727273,0.02498288843,1.099630996,-27,0.003670600865,-26.9963294,01/11/2024
"November 18, 2024",143,203,163,"5,819",138,0.802955665,0.02371541502,0.9836601307,5,0.003768271018,5.003768271,01/11/2024
"November 17, 2024",105,210,149,"5,816",195,0.7095238095,0.03352819807,1.354330709,-90,0.00395554166,-89.99604446,01/11/2024
"November 14, 2024",119,219,210,"6,025",172,0.9589041096,0.02854771784,1.161094225,-53,0.003075735164,-52.99692426,01/11/2024
"November 13, 2024",148,245,175,"5,966",151,0.7142857143,0.02531009051,1.009287926,-3,0.002730936523,-2.997269063,01/11/2024
"November 12, 2024",142,235,139,"5,975",138,0.5914893617,0.02309623431,0.9857651246,4,0.003770626509,4.003770627,01/11/2024
"November 11, 2024",118,139,168,"5,963",145,1.208633094,0.02431661915,1.094405594,-27,0.00398738445,-26.99601262,01/11/2024
"November 07, 2024",125,232,192,"6,084",177,0.8275862069,0.02909270217,1.164037855,-52,0.003957586872,-51.99604241,01/11/2024
"November 06, 2024",156,256,176,"6,086",137,0.6875,0.02251068025,0.9427710843,19,0.004041788127,19.00404179,01/11/2024
"November 05, 2024",109,245,159,"6,045",126,0.6489795918,0.02084367246,1.063432836,-17,0.003968811728,-16.99603119,01/11/2024
"November 04, 2024",167,209,157,"6,007",132,0.7511961722,0.02197436324,0.8919753086,35,0.004284595542,35.0042846,01/11/2024
"November 03, 2024",84,171,157,"5,990",184,0.918128655,0.03071786311,1.414937759,-100,0.004159472768,-99.99584053,01/11/2024
"October 31, 2024",87,246,173,"6,148",177,0.7032520325,0.02878985036,1.346153846,-90,0.004830676558,-89.99516932,01/10/2024
"October 30, 2024",136,276,178,"6,149",160,0.6449275362,0.02602049114,1.076433121,-24,0.004554230295,-23.99544577,01/10/2024
"October 29, 2024",166,277,229,"6,106",126,0.8267148014,0.02063544055,0.8987341772,40,0.005583295702,40.0055833,01/10/2024
"October 28, 2024",110,272,193,"6,008",156,0.7095588235,0.02596537949,1.151815182,-46,0.005161390699,-45.99483861,01/10/2024
"October 27, 2024",202,313,158,"5,974",192,0.5047923323,0.03213927017,0.9722222222,10,0.005489382692,10.00548938,01/10/2024
"October 23, 2024",134,294,186,"6,077",138,0.6326530612,0.02270857331,1.0125,-4,0.005325928576,-3.994674071,01/10/2024
"October 22, 2024",180,280,146,"6,043",109,0.5214285714,0.01803739864,0.782208589,71,0.005755018197,71.00575502,01/10/2024
"October 21, 2024",108,220,213,"5,966",154,0.9681818182,0.02581293999,1.143302181,-46,0.007002683067,-45.99299732,01/10/2024
"October 20, 2024",147,276,214,"5,918",195,0.7753623188,0.03295032105,1.132963989,-48,0.007007560789,-47.99299244,01/10/2024
"October 17, 2024",104,230,206,"6,076",160,0.8956521739,0.02633311389,1.180645161,-56,0.006205197968,-55.9937948,01/10/2024
"October 16, 2024",174,285,150,"6,036",129,0.5263157895,0.02137176938,0.8611111111,45,0.006231050046,45.00623105,01/10/2024
"October 15, 2024",113,208,159,"6,013",107,0.7644230769,0.01779477798,0.9779411765,6,0.006237996473,6.006237996,01/10/2024
"October 14, 2024",88,214,160,"5,935",106,0.7476635514,0.01786015164,1.072580645,-18,0.006216025299,-17.99378397,01/10/2024
"October 13, 2024",130,227,192,"5,889",210,0.845814978,0.03565970453,1.248447205,-80,0.005188677166,-79.99481132,01/10/2024
"October 10, 2024",84,158,193,"6,075",159,1.221518987,0.02617283951,1.270758123,-75,0.003803504094,-74.9961965,01/10/2024
"October 09, 2024",115,216,169,"6,047",137,0.7824074074,0.02265586241,1.077464789,-22,0.003869265771,-21.99613073,01/10/2024
"October 08, 2024",167,239,166,"6,013",123,0.6945606695,0.02045567936,0.8678678679,44,0.004116198044,44.0041162,01/10/2024
"October 07, 2024",99,190,176,"5,968",153,0.9263157895,0.02563672922,1.196363636,-54,0.003577751517,-53.99642225,01/10/2024
"October 03, 2024",101,162,178,"6,118",193,1.098765432,0.03154625695,1.329749104,-92,0.003495830956,-91.99650417,01/10/2024
"October 02, 2024",107,215,230,"6,091",173,1.069767442,0.02840256116,1.195845697,-66,0.003306318399,-65.99669368,01/10/2024
"October 01, 2024",184,314,217,"6,040",137,0.6910828025,0.02268211921,0.8827930175,47,0.003240375919,47.00324038,01/10/2024
"September 30, 2024",209,285,184,"5,967",138,0.6456140351,0.0231271996,0.8193384224,71,0.003540276903,71.00354028,01/09/2024
"September 29, 2024",81,213,153,"5,925",177,0.7183098592,0.02987341772,1.41025641,-96,0.002880281533,-95.99711972,01/09/2024
"September 26, 2024",91,199,172,"6,090",185,0.864321608,0.03037766831,1.357414449,-94,0.003392755732,-93.99660724,01/09/2024
"September 25, 2024",154,225,220,"6,050",169,0.9777777778,0.0279338843,1.040106952,-15,0.003315872819,-14.99668413,01/09/2024
"September 24, 2024",186,259,172,"6,023",143,0.6640926641,0.0237423211,0.8798882682,43,0.003325972353,43.00332597,01/09/2024
"September 23, 2024",92,203,173,"6,002",165,0.8522167488,0.02749083639,1.275471698,-73,0.003730925281,-72.99626907,01/09/2024
"September 22, 2024",124,234,161,"5,989",197,0.688034188,0.03289363834,1.256140351,-73,0.006885679274,-72.99311432,01/09/2024
"September 19, 2024",93,196,169,"6,270",188,0.862244898,0.02998405104,1.36259542,-95,0.00699515315,-94.99300485,01/09/2024
"September 18, 2024",116,213,217,"6,245",149,1.018779343,0.02385908727,1.099099099,-33,0.007346967232,-32.99265303,01/09/2024
"September 17, 2024",159,304,139,"6,227",160,0.4572368421,0.02569455597,1.003355705,-1,0.007459633964,-0.992540366,01/09/2024
"September 16, 2024",113,209,160,"6,229",164,0.7655502392,0.02632846364,1.186813187,-51,0.007930284276,-50.99206972,01/09/2024
"September 15, 2024",98,220,167,"6,234",210,0.7590909091,0.03368623677,1.422641509,-112,0.007957238989,-111.9920428,01/09/2024
"September 13, 2024",81,200,212,"6,326",279,1.06,0.04410369902,1.675767918,-198,0.009081428624,-197.9909186,01/09/2024
"September 12, 2024",184,280,210,"6,360",220,0.75,0.03459119497,1.091370558,-36,0.006984381126,-35.99301562,01/09/2024
"September 11, 2024",93,248,175,"6,410",162,0.7056451613,0.02527301092,1.257462687,-69,0.006063556475,-68.99393644,01/09/2024
"September 10, 2024",131,251,180,"6,396",148,0.7171314741,0.02313946216,1.054662379,-17,0.006002800135,-16.9939972,01/09/2024
"September 09, 2024",144,275,190,"6,353",141,0.6909090909,0.02219423894,0.9910179641,3,0.006275002198,3.006275002,01/09/2024
"September 08, 2024",123,255,164,"6,312",221,0.6431372549,0.03501267427,1.341463415,-98,0.006290992217,-97.99370901,01/09/2024
"September 05, 2024",126,230,175,"6,448",121,0.7608695652,0.01876550868,0.9833887043,5,0.003675697312,5.003675697,01/09/2024
"September 04, 2024",121,231,219,"6,375",114,0.9480519481,0.01788235294,0.9794117647,7,0.004753984661,7.004753985,01/09/2024
"September 03, 2024",131,263,177,"6,272",112,0.6730038023,0.01785714286,0.9383116883,19,0.004754868292,19.00475487,01/09/2024
"September 02, 2024",133,270,198,"6,192",129,0.7333333333,0.02083333333,0.9879154079,4,0.004630676728,4.004630677,01/09/2024
"August 29, 2024",145,295,188,"6,250",169,0.6372881356,0.02704,1.072072072,-24,0.004820943317,-23.99517906,01/08/2024
"August 28, 2024",170,285,178,"6,227",134,0.6245614035,0.02151919062,0.8965517241,36,0.005410963916,36.00541096,01/08/2024
"August 27, 2024",149,285,222,"6,152",97,0.7789473684,0.01576723017,0.8598382749,52,0.007222864502,52.00722286,01/08/2024
"August 22, 2024",182,307,205,"6,054",171,0.667752443,0.02824578791,0.9715762274,11,0.005608600584,11.0056086,01/08/2024
"August 21, 2024",134,245,167,"6,028",156,0.6816326531,0.02587923026,1.073089701,-22,0.006305402308,-21.9936946,01/08/2024
"August 20, 2024",136,274,245,"5,995",112,0.8941605839,0.0186822352,0.937007874,24,0.006338730921,24.00633873,01/08/2024
"August 19, 2024",176,254,162,"5,865",158,0.6377952756,0.02693947144,0.9467455621,18,0.007368503829,18.0073685,01/08/2024
"August 18, 2024",86,244,235,"5,821",178,0.9631147541,0.03057893833,1.286604361,-92,0.007266432559,-91.99273357,01/08/2024
"August 15, 2024",124,241,156,"5,895",220,0.6473029046,0.03731976251,1.342857143,-96,0.007297214731,-95.99270279,01/08/2024
"August 14, 2024",109,226,191,"5,987",178,0.8451327434,0.02973108402,1.23,-69,0.006915555652,-68.99308444,01/08/2024
"August 13, 2024",162,239,189,"5,981",123,0.7907949791,0.02056512289,0.8888888889,39,0.00698244854,39.00698245,01/08/2024
"August 12, 2024",109,219,155,"5,903",148,0.7077625571,0.02507199729,1.147727273,-39,0.006220499195,-38.9937795,01/08/2024
"August 11, 2024",95,211,140,"5,894",249,0.663507109,0.04224635222,1.655319149,-154,0.006010897448,-153.9939891,01/08/2024
"August 08, 2024",119,230,213,"6,084",174,0.9260869565,0.02859960552,1.165662651,-55,0.002007899714,-54.9979921,01/08/2024
"August 07, 2024",135,273,207,"6,038",174,0.7582417582,0.02881748923,1.114035088,-39,0.004637857286,-38.99536214,01/08/2024
"August 06, 2024",163,283,200,"5,998",143,0.7067137809,0.02384128043,0.9449035813,20,0.004540028739,20.00454003,01/08/2024
"August 05, 2024",172,259,138,"5,950",150,0.5328185328,0.02521008403,0.9290322581,22,0.006091999273,22.006092,01/08/2024
"August 04, 2024",63,167,143,"5,943",170,0.8562874251,0.02860508161,1.519417476,-107,0.006409001194,-106.993591,01/08/2024
"August 01, 2024",227,298,212,"6,016",169,0.711409396,0.02809175532,0.867881549,58,0.006452487368,58.00645249,01/08/2024
"July 31, 2024",140,261,163,"5,963",154,0.6245210728,0.02582592655,1.04620462,-14,0.006455393676,-13.99354461,01/07/2024
"July 30, 2024",125,203,208,"5,930",92,1.024630542,0.0155143339,0.9009009009,33,0.00752761452,33.00752761,01/07/2024
"July 29, 2024",114,210,219,"5,819",163,1.042857143,0.02801168586,1.147147147,-49,0.005769677583,-48.99423032,01/07/2024
"July 28, 2024",152,290,199,"5,743",207,0.6862068966,0.03604387951,1.156695157,-55,0.005470066617,-54.99452993,01/07/2024
"July 25, 2024",93,198,208,"5,954",194,1.050505051,0.03258313739,1.335548173,-101,0.005884663896,-100.9941153,01/07/2024
"July 24, 2024",137,272,166,"5,927",177,0.6102941176,0.02986333727,1.132013201,-40,0.006282786457,-39.99371721,01/07/2024
"July 23, 2024",120,257,126,"5,965",170,0.4902723735,0.02849958089,1.203252033,-50,0.006472650568,-49.99352735,01/07/2024
"July 22, 2024",102,189,155,"6,002",234,0.8201058201,0.03898700433,1.513618677,-132,0.006341125702,-131.9936589,01/07/2024
"July 21, 2024",90,196,205,"6,058",262,1.045918367,0.0432485969,1.583050847,-172,0.00627750654,-171.9937225,01/07/2024
"July 17, 2024",128,228,177,"6,228",187,0.7763157895,0.03002569043,1.193442623,-59,0.00535027943,-58.99464972,01/07/2024
"July 16, 2024",136,246,123,"6,239",173,0.5,0.02772880269,1.142857143,-37,0.006394104905,-36.9936059,01/07/2024
"July 15, 2024",105,185,158,"6,283",171,0.8540540541,0.02721629795,1.25095057,-66,0.006737343778,-65.99326266,01/07/2024
"July 14, 2024",116,188,164,"6,308",237,0.8723404255,0.03757133798,1.432142857,-121,0.007079881848,-120.9929201,01/07/2024
"July 11, 2024",80,176,125,"6,640",197,0.7102272727,0.0296686747,1.570731707,-117,0.005750527629,-116.9942495,01/07/2024
"July 10, 2024",150,157,201,"6,649",177,1.280254777,0.02662054444,1.076923077,-27,0.006251833139,-26.99374817,01/07/2024
"July 09, 2024",116,181,182,"6,651",130,1.005524862,0.01954593294,1.046979866,-14,0.00780190376,-13.9921981,01/07/2024
"July 08, 2024",141,173,129,"6,617",123,0.7456647399,0.01858848421,0.9333333333,18,0.006977870409,18.00697787,01/07/2024
"July 07, 2024",96,160,233,"6,599",213,1.45625,0.03227761782,1.3556231,-117,0.004999948006,-116.9950001,01/07/2024
"July 04, 2024",158,226,191,"6,790",225,0.8451327434,0.03313696613,1.191977077,-67,0.005313555357,-66.99468644,01/07/2024
"July 02, 2024",141,232,188,"6,823",184,0.8103448276,0.02696760956,1.130699088,-43,0.005491599354,-42.9945084,01/07/2024
"July 01, 2024",123,233,159,"6,825",229,0.6824034335,0.03355311355,1.375886525,-106,0.00609669234,-105.9939033,01/07/2024
"June 30, 2024",123,230,167,"6,874",273,0.7260869565,0.03971486762,1.517241379,-150,0.00612123699,-149.9938788,01/06/2024
"June 27, 2024",174,208,256,"7,248",268,1.230769231,0.03697571744,1.218604651,-94,0.00568055437,-93.99431945,01/06/2024
"June 26, 2024",132,235,197,"7,268",187,0.8382978723,0.025729224,1.167173252,-55,0.005055338228,-54.99494466,01/06/2024
"June 25, 2024",172,263,191,"7,239",202,0.7262357414,0.02790440669,1.082644628,-30,0.004703398806,-29.9952966,01/06/2024
"June 24, 2024",116,175,172,"7,239",202,0.9828571429,0.02790440669,1.298611111,-86,0.005713500187,-85.9942865,01/06/2024
"June 23, 2024",102,227,201,"7,247",294,0.8854625551,0.04056851111,1.633663366,-192,0.005379023974,-191.994621,01/06/2024
"June 20, 2024",145,247,243,"7,431",235,0.983805668,0.03162427668,1.231958763,-90,0.004581061587,-89.99541894,01/06/2024
"June 19, 2024",204,321,246,"7,433",198,0.7663551402,0.02663796583,0.9866666667,6,0.00610815742,6.006108157,01/06/2024
"June 18, 2024",160,297,253,"7,340",214,0.8518518519,0.02915531335,1.130750605,-54,0.005977459176,-53.99402254,01/06/2024
"June 17, 2024",159,310,272,"7,318",224,0.8774193548,0.03060945614,1.150812065,-65,0.007362395423,-64.9926376,01/06/2024
"June 16, 2024",204,315,233,"7,307",294,0.7396825397,0.04023539072,1.205949657,-90,0.007358094612,-89.99264191,01/06/2024
"June 13, 2024",167,293,230,"7,544",259,0.7849829352,0.03433191941,1.231738035,-92,0.006690903912,-91.9933091,01/06/2024
"June 12, 2024",152,266,274,"7,548",212,1.030075188,0.02808691044,1.14084507,-60,0.006481381446,-59.99351862,01/06/2024
"June 11, 2024",186,352,224,"7,493",156,0.6363636364,0.02081943147,0.9268292683,30,0.006472169532,30.00647217,01/06/2024
"June 10, 2024",184,334,229,"7,439",212,0.6856287425,0.02849845409,1.06779661,-28,0.006539116961,-27.99346088,01/06/2024
"June 09, 2024",116,289,166,"7,451",312,0.5743944637,0.04187357402,1.695035461,-196,0.006948855127,-195.9930511,01/06/2024
"June 06, 2024",179,326,282,"7,741",238,0.8650306748,0.03074538173,1.127982646,-59,0.006658302128,-58.9933417,01/06/2024
"June 05, 2024",173,345,291,"7,691",198,0.8434782609,0.02574437654,1.05387931,-25,0.0071339492,-24.99286605,01/06/2024
"June 04, 2024",260,356,176,"7,565",203,0.4943820225,0.02683410443,0.869266055,57,0.007295199261,57.0072952,01/06/2024
"June 03, 2024",109,244,257,"7,596",224,1.053278689,0.02948920484,1.31420765,-115,0.007455437237,-114.9925446,01/06/2024
"June 02, 2024",159,330,322,"7,546",306,0.9757575758,0.04055128545,1.305613306,-147,0.007380127156,-146.9926199,01/06/2024
"May 30, 2024",167,406,339,"7,563",190,0.8349753695,0.02512230596,1.045454545,-23,0.004383117892,-22.99561688,01/05/2024
"May 29, 2024",182,462,158,"7,491",141,0.341991342,0.0188225871,0.8794117647,41,0.004453679627,41.00445368,01/05/2024
"May 28, 2024",153,348,239,"7,418",151,0.6867816092,0.02035589108,0.9948979592,2,0.007215653089,2.007215653,01/05/2024
"May 27, 2024",156,344,252,"7,365",167,0.7325581395,0.02267481331,1.026960784,-11,0.006743540414,-10.99325646,01/05/2024
"May 23, 2024",193,272,314,"7,494",227,1.154411765,0.03029089939,1.067061144,-34,0.006637874198,-33.99336213,01/05/2024
"May 22, 2024",168,349,272,"7,474",208,0.7793696275,0.02782981001,1.090909091,-40,0.006935095315,-39.9930649,01/05/2024
"May 21, 2024",196,348,176,"7,404",145,0.5057471264,0.01958400864,0.8629032258,51,0.007619739563,51.00761974,01/05/2024
"May 20, 2024",111,268,217,"7,368",192,0.8097014925,0.02605863192,1.24695122,-81,0.006705098574,-80.9932949,01/05/2024
"May 19, 2024",143,295,278,"7,356",298,0.9423728814,0.04051114736,1.368171021,-155,0.006484477856,-154.9935155,01/05/2024
"May 16, 2024",206,340,214,"7,565",234,0.6294117647,0.03093192333,1.066666667,-28,0.005055905215,-27.99494409,01/05/2024
"May 15, 2024",115,285,341,"7,589",265,1.196491228,0.03491896166,1.328947368,-150,0.005671521222,-149.9943285,01/05/2024
"May 14, 2024",246,419,218,"7,546",186,0.5202863962,0.02464882057,0.8706896552,60,0.004703970118,60.00470397,01/05/2024
"May 13, 2024",112,331,167,"7,499",157,0.5045317221,0.02093612482,1.161290323,-45,0.0081108603,-44.99188914,01/05/2024
"May 12, 2024",138,301,263,"7,464",245,0.8737541528,0.03282422294,1.266832918,-107,0.007458119345,-106.9925419,01/05/2024
"May 09, 2024",138,285,268,"7,570",244,0.9403508772,0.0322324967,1.261083744,-106,0.007547087651,-105.9924529,01/05/2024
"May 08, 2024",167,374,205,"7,583",202,0.5481283422,0.02663853356,1.094086022,-35,0.008387564247,-34.99161244,01/05/2024
"May 07, 2024",176,334,246,"7,566",163,0.7365269461,0.02154374835,0.9691943128,13,0.0084118616,13.00841186,01/05/2024
"May 06, 2024",173,337,211,"7,449",205,0.6261127596,0.02752047255,1.083333333,-32,0.00844263625,-31.99155736,01/05/2024
"May 05, 2024",150,315,228,"7,447",332,0.7238095238,0.04458171076,1.481481481,-182,0.008439633046,-181.9915604,01/05/2024
"May 02, 2024",206,411,293,"7,577",194,0.7128953771,0.02560380098,0.9759519038,12,0.005265152723,12.00526515,01/05/2024
"May 01, 2024",197,437,295,"7,508",190,0.6750572082,0.0253063399,0.9857723577,7,0.005820279566,7.00582028,01/05/2024
"April 30, 2024",220,443,194,"7,431",135,0.4379232506,0.01816713767,0.7946859903,85,0.006342426639,85.00634243,01/04/2024
"April 29, 2024",140,292,255,"7,373",187,0.8732876712,0.02536281025,1.118987342,-47,0.006290794476,-46.99370921,01/04/2024
"April 28, 2024",158,349,365,"7,298",250,1.045845272,0.03425596054,1.175908222,-92,0.007216454266,-91.99278355,01/04/2024
"April 25, 2024",145,357,333,"7,209",217,0.9327731092,0.03010126231,1.150627615,-72,0.007171007192,-71.99282899,01/04/2024
"April 24, 2024",253,411,307,"7,128",154,0.7469586375,0.02160493827,0.8232142857,99,0.007483946612,99.00748395,01/04/2024
"April 23, 2024",252,427,307,"6,967",134,0.718969555,0.0192335295,0.7889087657,118,0.006723397144,118.0067234,01/04/2024
"April 22, 2024",176,424,251,"6,799",214,0.5919811321,0.03147521694,1.088992974,-38,0.006411960373,-37.99358804,01/04/2024
"April 21, 2024",208,380,343,"6,745",240,0.9026315789,0.03558191253,1.058076225,-32,0.006881392569,-31.99311861,01/04/2024
"April 18, 2024",144,322,258,"6,728",260,0.801242236,0.03864447087,1.288557214,-116,0.006949672298,-115.9930503,01/04/2024
"April 17, 2024",182,371,274,"6,725",227,0.7385444744,0.03375464684,1.098684211,-45,0.008935952986,-44.99106405,01/04/2024
"April 16, 2024",219,392,205,"6,685",163,0.5229591837,0.0243829469,0.8679245283,56,0.008965990805,56.00896599,01/04/2024
"April 15, 2024",144,303,176,"6,681",191,0.5808580858,0.02858853465,1.146875,-47,0.008970049739,-46.99102995,01/04/2024
"April 14, 2024",128,245,243,"6,630",290,0.9918367347,0.04374057315,1.436657682,-162,0.008817933465,-161.9911821,01/04/2024
"April 11, 2024",183,221,220,"6,912",285,0.9954751131,0.04123263889,1.253101737,-102,0.00843259947,-101.9915674,01/04/2024
"April 10, 2024",117,244,142,"6,999",227,0.5819672131,0.03243320474,1.424710425,-110,0.008071639683,-109.9919284,01/04/2024
"April 09, 2024",118,231,217,"7,043",130,0.9393939394,0.01845804345,1.035820896,-12,0.007796422977,-11.99220358,01/04/2024
"April 08, 2024",102,230,167,"6,988",199,0.7260869565,0.02847738981,1.360594796,-97,0.008475478839,-96.99152452,01/04/2024
"April 07, 2024",106,239,233,"6,982",279,0.9748953975,0.03995989688,1.510324484,-173,0.01071783986,-172.9892822,01/04/2024
"April 04, 2024",95,226,152,"7,317",225,0.6725663717,0.0307503075,1.526315789,-130,0.01010426652,-129.9898957,01/04/2024
"April 03, 2024",124,230,190,"7,346",163,0.8260869565,0.02218894637,1.124203822,-39,0.01016690949,-38.98983309,01/04/2024
"April 02, 2024",101,230,175,"7,340",132,0.7608695652,0.01798365123,1.112318841,-31,0.009718439166,-30.99028156,01/04/2024
"April 01, 2024",109,235,171,"7,271",172,0.7276595745,0.02365561821,1.225,-63,0.009968417122,-62.99003158,01/04/2024
"March 31, 2024",105,254,151,"7,257",287,0.594488189,0.0395480226,1.7109375,-182,0.009276871881,-181.9907231,01/03/2024
"March 28, 2024",161,288,248,"7,762",360,0.8611111111,0.04637979902,1.486552567,-199,0.00941545531,-198.9905845,01/03/2024
"March 27, 2024",129,287,185,"7,893",215,0.6445993031,0.02723932599,1.27388535,-86,0.007877792237,-85.99212221,01/03/2024
"March 26, 2024",187,276,200,"7,919",208,0.7246376812,0.02626594267,1.054263566,-21,0.00792167835,-20.99207832,01/03/2024
"March 25, 2024",128,242,224,"7,899",229,0.9256198347,0.02899101152,1.286931818,-101,0.00843950856,-100.9915605,01/03/2024
"March 24, 2024",124,264,221,"7,899",373,0.8371212121,0.04722116724,1.72173913,-249,0.008305862882,-248.9916941,01/03/2024
"March 21, 2024",132,261,141,"8,292",235,0.5402298851,0.02834056922,1.377289377,-103,0.006069957624,-102.99393,01/03/2024
"March 20, 2024",91,181,174,"8,365",227,0.9613259669,0.02713687986,1.513207547,-136,0.006565245531,-135.9934348,01/03/2024
"March 19, 2024",99,202,256,"8,390",197,1.267326733,0.02348033373,1.276056338,-98,0.006455904068,-97.9935441,01/03/2024
"March 18, 2024",123,243,188,"8,333",283,0.7736625514,0.03396135845,1.514469453,-160,0.00702366805,-159.9929763,01/03/2024
"March 17, 2024",127,260,259,"8,373",342,0.9961538462,0.04084557506,1.556994819,-215,0.007029055012,-214.9929709,01/03/2024
"March 14, 2024",166,301,252,"8,695",310,0.8372093023,0.03565267395,1.344497608,-144,0.006608149543,-143.9933919,01/03/2024
"March 13, 2024",165,358,167,"8,819",239,0.4664804469,0.0271005783,1.222891566,-74,0.006745102763,-73.9932549,01/03/2024
"March 12, 2024",154,294,290,"8,843",213,0.9863945578,0.02408684835,1.132882883,-59,0.006791076833,-58.99320892,01/03/2024
"March 11, 2024",178,336,290,"8,757",253,0.8630952381,0.02889117278,1.16025641,-75,0.007528271009,-74.99247173,01/03/2024
"March 10, 2024",190,368,326,"8,714",373,0.8858695652,0.04280468212,1.354651163,-183,0.007430922914,-182.9925691,01/03/2024
"March 07, 2024",181,424,328,"8,902",305,0.7735849057,0.0342619636,1.243614931,-124,0.006001752895,-123.9939982,01/03/2024
"March 06, 2024",230,457,277,"8,870",232,0.6061269147,0.02615558061,1.003944773,-2,0.006312599108,-1.993687401,01/03/2024
"March 05, 2024",246,472,345,"8,800",214,0.7309322034,0.02431818182,0.9458544839,32,0.007067493083,32.00706749,01/03/2024
"March 04, 2024",225,509,340,"8,660",229,0.6679764244,0.02644341801,1.007079646,-4,0.006863907984,-3.993136092,01/03/2024
"March 03, 2024",236,468,347,"8,594",354,0.7414529915,0.04119152897,1.202401372,-118,0.006150390716,-117.9938496,01/03/2024
"February 29, 2024",262,444,354,"8,724",299,0.7972972973,0.03427326914,1.060064935,-37,0.005900455499,-36.99409954,01/02/2024
"February 28, 2024",209,447,274,"8,699",257,0.6129753915,0.0295436257,1.099378882,-48,0.006855802194,-47.9931442,01/02/2024
"February 27, 2024",197,369,306,"8,650",206,0.8292682927,0.0238150289,1.017892644,-9,0.007085385602,-8.992914614,01/02/2024
"February 26, 2024",199,438,326,"8,404",329,0.7442922374,0.03914802475,1.247619048,-130,0.006822929045,-129.9931771,01/02/2024
"February 25, 2024",244,482,366,"8,404",329,0.7593360996,0.03914802475,1.139344262,-85,0.006254595455,-84.9937454,01/02/2024
"February 22, 2024",165,400,292,"8,607",293,0.73,0.03404205879,1.280087527,-128,0.006144532129,-127.9938555,01/02/2024
"February 21, 2024",232,430,318,"8,573",231,0.7395348837,0.02694506007,0.9981818182,1,0.005511302341,1.005511302,01/02/2024
"February 20, 2024",149,395,273,"8,488",192,0.6911392405,0.02262016965,1.101895735,-43,0.008267609005,-42.99173239,01/02/2024
"February 19, 2024",249,420,371,"8,380",218,0.8833333333,0.02601431981,0.95,31,0.008368097039,31.0083681,01/02/2024
"February 15, 2024",333,508,272,"8,463",312,0.5354330709,0.03686635945,0.9652892562,21,0.00825252105,21.00825252,01/02/2024
"February 14, 2024",185,322,272,"8,512",230,0.8447204969,0.02702067669,1.098468271,-45,0.008540068087,-44.99145993,01/02/2024
"February 13, 2024",227,369,349,"8,348",160,0.945799458,0.01916626737,0.8836805556,67,0.00848102,67.00848102,01/02/2024
"February 12, 2024",213,430,440,"8,092",234,1.023255814,0.02891744933,1.032159265,-21,0.008361582646,-20.99163842,01/02/2024
"February 11, 2024",205,515,226,"8,056",347,0.4388349515,0.0430734856,1.329466357,-142,0.008629985985,-141.99137,01/02/2024
"February 08, 2024",298,499,358,"8,188",315,0.7174348697,0.03847093307,1.025914634,-17,0.007945904476,-16.9920541,01/02/2024
"February 07, 2024",227,453,330,"8,160",222,0.7284768212,0.02720588235,0.9910233393,5,0.008596932039,5.008596932,01/02/2024
"February 06, 2024",291,455,323,"8,045",178,0.7098901099,0.02212554382,0.8159609121,113,0.008922522094,113.0089225,01/02/2024
"February 05, 2024",157,466,345,"7,872",242,0.7403433476,0.03074186992,1.169322709,-85,0.008259350118,-84.99174065,01/02/2024
"February 04, 2024",253,531,248,"7,813",342,0.4670433145,0.04377319852,1.177644711,-89,0.008198851181,-88.99180115,01/02/2024
"February 01, 2024",222,459,289,"8,026",337,0.6296296296,0.04198853725,1.225048924,-115,0.00713072588,-114.9928693,01/02/2024
"January 31, 2024",203,477,258,"8,153",266,0.5408805031,0.03262602723,1.136659436,-63,0.006077852032,-62.99392215,01/01/2024
"January 30, 2024",93,198,208,"8,182",187,1.050505051,0.02285504767,1.312292359,-94,0.005973520121,-93.99402648,01/01/2024
"January 29, 2024",137,272,166,"8,057",195,0.6102941176,0.02420255678,1.191419142,-58,0.008173847545,-57.99182615,01/01/2024
"January 28, 2024",120,257,126,"8,004",307,0.4902723735,0.03835582209,1.760162602,-187,0.00838997219,-186.99161,01/01/2024
"January 25, 2024",102,189,155,"8,180",293,0.8201058201,0.0358190709,1.743190661,-191,0.008938404237,-190.9910616,01/01/2024
"January 24, 2024",90,196,205,"8,212",243,1.045918367,0.02959084267,1.518644068,-153,0.01020978241,-152.9897902,01/01/2024
"January 23, 2024",128,228,177,"8,133",202,0.7763157895,0.02483708349,1.242622951,-74,0.01024671029,-73.98975329,01/01/2024
"January 22, 2024",136,246,123,"8,008",222,0.5,0.02772227772,1.332046332,-86,0.01160190235,-85.9883981,01/01/2024
"January 21, 2024",105,185,158,"7,974",371,0.8540540541,0.04652621018,2.011406844,-266,0.01063125977,-265.9893687,01/01/2024
"January 18, 2024",116,188,164,"8,042",359,0.8723404255,0.04464063666,1.867857143,-243,0.01066555803,-242.9893344,01/01/2024
"January 17, 2024",80,176,125,"8,072",353,0.7102272727,0.04373141724,2.331707317,-273,0.01022331985,-272.9897767,01/01/2024
"January 16, 2024",32,49,39,"8,133",188,0.7959183673,0.02311570146,3.197183099,-156,0.009782358778,-155.9902176,01/01/2024
"January 15, 2024",33,53,34,"8,033",234,0.641509434,0.02912983941,4,-201,0.008130499447,-200.9918695,01/01/2024
"January 11, 2024",29,51,11,"8,829",476,0.2156862745,0.05391324046,12.175,-447,0.009046795127,-446.9909532,01/01/2024
"January 10, 2024",91,75,97,"9,144",349,1.293333333,0.03816710411,2.372340426,-258,0.005276840283,-257.9947232,01/01/2024
"January 09, 2024",62,97,52,"9,311",286,0.5360824742,0.030716357,2.964912281,-224,0.005289722525,-223.9947103,01/01/2024
"January 08, 2024",59,64,117,"9,670",367,1.828125,0.0379524302,2.75,-308,0.005274088113,-307.9947259,01/01/2024
"January 07, 2024",84,118,136,"9,670",367,1.152542373,0.0379524302,2.286363636,-283,0.00453245538,-282.9954675,01/01/2024
"January 04, 2024",86,152,168,"10,558",362,1.105263158,0.03428679674,2.086614173,-276,0.003485890217,-275.9965141,01/01/2024
"January 03, 2024",106,196,131,"10,718",263,0.6683673469,0.0245381601,1.662447257,-157,0.002810587671,-156.9971894,01/01/2024
"January 02, 2024",113,162,107,"10,770",316,0.6604938272,0.02934076137,1.922727273,-203,0.005951570425,-202.9940484,01/01/2024
"January 01, 2024",92,124,93,"10,870",290,0.75,0.02667893284,2.07027027,-198,0.005965152661,-197.9940348,01/01/2024
"December 28, 2023",68,107,102,"11,230",357,0.953271028,0.03178984862,2.7,-289,0.006401295983,-288.9935987,01/12/2023
"December 27, 2023",74,103,80,"11,206",335,0.7766990291,0.02989469927,2.694805195,-261,0.006417118846,-260.9935829,01/12/2023
"December 26, 2023",56,82,68,"11,217",288,0.8292682927,0.02567531426,2.870967742,-232,0.007271823848,-231.9927282,01/12/2023
"December 25, 2023",90,196,205,"11,144",347,1.045918367,0.03113783202,1.871186441,-257,0.006483535071,-256.9935165,01/12/2023
"December 21, 2023",128,228,177,"11,375",497,0.7763157895,0.04369230769,2.209836066,-369,0.00660384285,-368.9933962,01/12/2023
"December 20, 2023",136,246,123,"11,516",390,0.5,0.03386592567,1.980694981,-254,0.006277237934,-253.9937228,01/12/2023
"December 19, 2023",105,185,158,"11,291",272,0.8540540541,0.02408998317,1.634980989,-167,0.006321147993,-166.9936789,01/12/2023
"December 18, 2023",116,188,164,"11,149",364,0.8723404255,0.03264866804,1.885714286,-248,0.006097678764,-247.9939023,01/12/2023
"December 17, 2023",80,176,125,"11,092",456,0.7102272727,0.04111071042,2.834146341,-376,0.007223672876,-375.9927763,01/12/2023
"December 14, 2023",150,157,201,"11,242",396,1.280254777,0.03522504892,1.700854701,-246,0.006543853861,-245.9934561,01/12/2023
"December 13, 2023",116,181,182,"11,192",335,1.005524862,0.02993209435,1.734899329,-219,0.007219507624,-218.9927805,01/12/2023
"December 12, 2023",141,173,129,"11,077",259,0.7456647399,0.02338178207,1.437037037,-118,0.007546021305,-117.992454,01/12/2023
"December 11, 2023",96,160,233,"10,998",304,1.45625,0.02764138934,1.632218845,-208,0.007317392639,-207.9926826,01/12/2023
"December 10, 2023",158,226,191,"10,871",411,0.8451327434,0.03780700947,1.724928367,-253,0.007040402051,-252.9929596,01/12/2023
"December 07, 2023",141,232,188,"10,897",466,0.8103448276,0.0427640635,1.987841945,-325,0.007105055735,-324.9928949,01/12/2023
"December 06, 2023",123,233,159,"10,832",376,0.6824034335,0.03471196455,1.897163121,-253,0.006206135046,-252.9937939,01/12/2023
"December 05, 2023",123,230,167,"10,761",261,0.7260869565,0.02425425146,1.475862069,-138,0.006272668147,-137.9937273,01/12/2023
"December 04, 2023",174,208,256,"10,635",273,1.230769231,0.02566995769,1.230232558,-99,0.006331956173,-98.99366804,01/12/2023
"December 03, 2023",132,235,197,"10,579",417,0.8382978723,0.03941771434,1.866261398,-285,0.006232929899,-284.9937671,01/12/2023
"November 30, 2023",92,124,93,"10,536",320,0.75,0.03037205771,2.232432432,-228,0.004067323616,-227.9959327,01/11/2023
"November 29, 2023",68,107,102,"10,398",284,0.953271028,0.0273129448,2.270588235,-216,0.004154953807,-215.995845,01/11/2023
"November 28, 2023",74,103,80,"10,223",223,0.7766990291,0.02181355766,1.967532468,-149,0.008228047668,-148.991772,01/11/2023
"November 27, 2023",56,82,68,"10,123",214,0.8292682927,0.02113997827,2.274193548,-158,0.008079645915,-157.9919204,01/11/2023
"November 26, 2023",90,196,205,"9,845",312,1.045918367,0.03169121381,1.752542373,-222,0.00662097937,-221.993379,01/11/2023
"November 23, 2023",128,228,177,"9,838",283,0.7763157895,0.02876600935,1.508196721,-155,0.007243953401,-154.992756,01/11/2023
"November 21, 2023",136,246,123,"9,804",250,0.5,0.025499796,1.44015444,-114,0.007144535579,-113.9928555,01/11/2023
"November 20, 2023",105,185,158,"9,638",298,0.8540540541,0.03091927786,1.733840304,-193,0.006426205324,-192.9935738,01/11/2023
"November 19, 2023",116,188,164,"9,573",435,0.8723404255,0.04544030085,2.139285714,-319,0.006353082314,-318.9936469,01/11/2023
"November 16, 2023",80,176,125,"9,762",374,0.7102272727,0.03831182135,2.434146341,-294,0.004745131358,-293.9952549,01/11/2023
"November 15, 2023",150,157,201,"9,762",316,1.280254777,0.0323704159,1.472934473,-166,0.003806761327,-165.9961932,01/11/2023
"November 14, 2023",116,181,182,"9,665",247,1.005524862,0.02555613037,1.439597315,-131,0.00528516751,-130.9947148,01/11/2023
"November 13, 2023",141,173,129,"9,510",287,0.7456647399,0.0301787592,1.540740741,-146,0.00474297102,-145.995257,01/11/2023
"November 12, 2023",96,160,233,"9,477",313,1.45625,0.03302732932,1.659574468,-217,0.004744422369,-216.9952556,01/11/2023
"November 08, 2023",158,226,191,"9,634",310,0.8451327434,0.03217770397,1.435530086,-152,0.00474172327,-151.9952583,01/11/2023
"November 07, 2023",141,232,188,"9,483",231,0.8103448276,0.02435937994,1.273556231,-90,0.004789817855,-89.99521018,01/11/2023
"November 06, 2023",123,233,159,"9,286",316,0.6824034335,0.03402972216,1.684397163,-193,0.005912076502,-192.9940879,01/11/2023
"November 05, 2023",123,230,167,"9,273",370,0.7260869565,0.03990078723,1.851724138,-247,0.006345851548,-246.9936541,01/11/2023
"November 02, 2023",174,208,256,"9,442",330,1.230769231,0.03495022241,1.362790698,-156,0.006466603132,-155.9935334,01/11/2023
"November 01, 2023",132,235,197,"9,250",279,0.8382978723,0.03016216216,1.446808511,-147,0.006612295843,-146.9933877,01/11/2023
"October 31, 2023",33,53,34,"9,072",295,0.641509434,0.03251763668,4.910447761,-262,0.006260064341,-261.9937399,01/10/2023
"October 30, 2023",29,51,11,"9,026",278,0.2156862745,0.03079991137,7.225,-249,0.007477782864,-248.9925222,01/10/2023
"October 29, 2023",91,75,97,"8,925",418,1.293333333,0.04683473389,2.739361702,-327,0.006784297938,-326.9932157,01/10/2023
"October 26, 2023",62,97,52,"9,235",390,0.5360824742,0.04223064429,3.877192982,-328,0.005881572347,-327.9941184,01/10/2023
"October 25, 2023",59,64,117,"9,351",293,1.828125,0.03133354721,2.329545455,-234,0.00621959947,-233.9937804,01/10/2023
"October 24, 2023",84,118,136,"9,396",300,1.152542373,0.0319284802,1.981818182,-216,0.006244058309,-215.9937559,01/10/2023
"October 23, 2023",86,152,168,"9,436",327,1.105263158,0.03465451462,1.948818898,-241,0.006210212068,-240.9937898,01/10/2023
"October 22, 2023",106,196,131,"9,506",454,0.6683673469,0.04775930991,2.46835443,-348,0.006127848938,-347.9938722,01/10/2023
"October 19, 2023",113,162,107,"10,319",406,0.6604938272,0.03934489776,2.331818182,-293,0.00600657422,-292.9939934,01/10/2023
"October 18, 2023",92,124,93,"10,511",393,0.75,0.03738940158,2.627027027,-301,0.006659167162,-300.9933408,01/10/2023
"October 17, 2023",68,107,102,"10,630",315,0.953271028,0.02963311383,2.452941176,-247,0.006473387877,-246.9935266,01/10/2023
"October 16, 2023",74,103,80,"10,629",331,0.7766990291,0.03114121742,2.668831169,-257,0.007135977348,-256.992864,01/10/2023
"October 15, 2023",56,82,68,"10,571",434,0.8292682927,0.04105571848,4.048387097,-378,0.00715608343,-377.9928439,01/10/2023
"October 12, 2023",38,80,82,"10,992",398,1.025,0.03620815138,4,-360,0.005872240047,-359.9941278,01/10/2023
"October 11, 2023",65,83,65,"10,960",266,0.7831325301,0.02427007299,2.546153846,-201,0.005059921852,-200.9949401,01/10/2023
"October 10, 2023",41,60,71,"10,910",257,1.183333333,0.0235563703,2.928571429,-216,0.008325253824,-215.9916747,01/10/2023
"October 09, 2023",43,73,64,"10,815",282,0.8767123288,0.02607489598,3.23364486,-239,0.008260502631,-238.9917395,01/10/2023
"October 05, 2023",35,70,53,"11,130",427,0.7571428571,0.03836477987,5.454545455,-392,0.007785346866,-391.9922147,01/10/2023
"October 04, 2023",25,66,94,"10,963",330,1.424242424,0.03010124966,3.56302521,-305,0.007648787064,-304.9923512,01/10/2023
"October 03, 2023",99,156,139,"10,818",287,0.891025641,0.02652985764,1.789915966,-188,0.008024189677,-187.9919758,01/10/2023
"October 02, 2023",107,170,133,"10,724",284,0.7823529412,0.02648265573,1.7375,-177,0.007757159979,-176.9922428,01/10/2023
"October 01, 2023",80,122,152,"10,598",493,1.245901639,0.04651821098,2.780172414,-413,0.007144134995,-412.9928559,01/10/2023
"September 28, 2023",57,162,193,"10,984",447,1.191358025,0.04069555717,2.56,-390,0.005330090482,-389.9946699,01/09/2023
"September 27, 2023",161,304,211,"11,017",331,0.6940789474,0.03004447672,1.456989247,-170,0.005569523941,-169.9944305,01/09/2023
"September 26, 2023",205,294,177,"10,978",332,0.6020408163,0.03024230279,1.332460733,-127,0.005639580255,-126.9943604,01/09/2023
"September 25, 2023",100,255,236,"10,842",284,0.9254901961,0.02619442907,1.547619048,-184,0.006442240257,-183.9935578,01/09/2023
"September 24, 2023",269,412,204,"10,744",403,0.4951456311,0.03750930752,1.283298097,-134,0.006095486384,-133.9939045,01/09/2023
"September 21, 2023",168,285,210,"11,067",428,0.7368421053,0.03867353393,1.687830688,-260,0.005937567221,-259.9940624,01/09/2023
"September 20, 2023",187,310,247,"11,064",364,0.7967741935,0.03289949385,1.407834101,-177,0.005560860224,-176.9944391,01/09/2023
"September 19, 2023",133,287,189,"11,095",260,0.6585365854,0.02343397927,1.394409938,-127,0.005932635281,-126.9940674,01/09/2023
"September 18, 2023",180,337,219,"10,892",313,0.649851632,0.02873668748,1.333333333,-133,0.005172738183,-132.9948273,01/09/2023
"September 17, 2023",153,253,286,"10,799",427,1.130434783,0.03954069821,1.624145786,-274,0.005072263036,-273.9949277,01/09/2023
"September 14, 2023",209,353,232,"10,837",414,0.657223796,0.03820245455,1.464852608,-205,0.005009060565,-204.9949909,01/09/2023
"September 13, 2023",167,326,213,"10,678",343,0.6533742331,0.03212212025,1.463157895,-176,0.005347122109,-175.9946529,01/09/2023
"September 12, 2023",224,315,152,"10,649",316,0.4825396825,0.02967414781,1.244680851,-92,0.005336121171,-91.99466388,01/09/2023
"September 11, 2023",132,243,183,"10,492",277,0.7530864198,0.02640106748,1.46031746,-145,0.009025714235,-144.9909743,01/09/2023
"September 10, 2023",218,283,208,"10,282",382,0.7349823322,0.037152305,1.384976526,-164,0.008512610231,-163.9914874,01/09/2023
"September 07, 2023",118,245,160,"10,419",398,0.6530612245,0.03819944332,2.007194245,-280,0.008744068432,-279.9912559,01/09/2023
"September 06, 2023",81,230,242,"10,356",291,1.052173913,0.02809965238,1.650154799,-210,0.008798158193,-209.9912018,01/09/2023
"September 05, 2023",236,330,222,"10,142",243,0.6727272727,0.02395977125,1.015283843,-7,0.01024028494,-6.989759715,01/09/2023
"September 04, 2023",196,306,187,"9,988",293,0.6111111111,0.02933520224,1.253263708,-97,0.00890292417,-96.99109708,01/09/2023
"August 31, 2023",113,280,237,"10,140",505,0.8464285714,0.04980276134,2.12,-392,0.009102858747,-391.9908971,01/08/2023
"August 30, 2023",239,367,224,"10,280",366,0.6103542234,0.03560311284,1.274298056,-127,0.009471724429,-126.9905283,01/08/2023
"August 29, 2023",152,272,214,"10,180",286,0.7867647059,0.02809430255,1.366120219,-134,0.009762100254,-133.9902379,01/08/2023
"August 28, 2023",170,297,196,"10,012",388,0.6599326599,0.03875349581,1.595628415,-218,0.009593717516,-217.9904063,01/08/2023
"August 27, 2023",191,283,192,"9,873",488,0.6784452297,0.0494277322,1.775456919,-297,0.009807285602,-296.9901927,01/08/2023
"August 24, 2023",109,214,173,"10,026",443,0.808411215,0.04418511869,2.184397163,-334,0.008256144653,-333.9917439,01/08/2023
"August 23, 2023",155,212,181,"10,071",285,0.8537735849,0.02829907656,1.386904762,-130,0.007452823207,-129.9925472,01/08/2023
"August 22, 2023",119,209,152,"9,921",230,0.7272727273,0.02318314686,1.409594096,-111,0.00745943388,-110.9925406,01/08/2023
"August 21, 2023",143,203,163,"9,668",281,0.802955665,0.02906495656,1.450980392,-138,0.007338814356,-137.9926612,01/08/2023
"August 20, 2023",105,210,149,"9,483",390,0.7095238095,0.04112622588,2.122047244,-285,0.008088955551,-284.991911,01/08/2023
"August 17, 2023",119,219,210,"9,694",407,0.9589041096,0.04198473282,1.875379939,-288,0.00772139713,-287.9922786,01/08/2023
"August 16, 2023",148,245,175,"9,634",288,0.7142857143,0.02989412497,1.433436533,-140,0.007496922238,-139.9925031,01/08/2023
"August 10, 2023",142,235,139,"8,914",353,0.5914893617,0.03960062823,1.75088968,-211,0.007432576791,-210.9925674,01/08/2023
"August 09, 2023",118,139,168,"8,888",251,1.208633094,0.02824032403,1.465034965,-133,0.007857457279,-132.9921425,01/08/2023
"August 08, 2023",125,232,192,"8,725",207,0.8275862069,0.02372492837,1.258675079,-82,0.007858671725,-81.99214133,01/08/2023
"August 07, 2023",156,256,176,"8,493",202,0.6875,0.02378429295,1.138554217,-46,0.008109741934,-45.99189026,01/08/2023
"August 06, 2023",109,245,159,"8,298",322,0.6489795918,0.03880453121,1.794776119,-213,0.007225068207,-212.9927749,01/08/2023
"August 03, 2023",167,209,157,"8,294",339,0.7511961722,0.04087292018,1.530864198,-172,0.007047385428,-171.9929526,01/08/2023
"August 02, 2023",84,171,157,"8,261",271,0.918128655,0.03280474519,1.77593361,-187,0.007500018786,-186.9925,01/08/2023
"August 01, 2023",87,246,173,"8,103",168,0.7032520325,0.02073306183,1.311538462,-81,0.007327285061,-80.99267271,01/08/2023
"July 31, 2023",136,276,178,"7,800",220,0.6449275362,0.02820512821,1.267515924,-84,0.007684594563,-83.99231541,01/07/2023
"July 30, 2023",166,277,229,"7,671",305,0.8267148014,0.03976013558,1.351898734,-139,0.008311240914,-138.9916888,01/07/2023
"July 27, 2023",110,272,193,"7,754",259,0.7095588235,0.03340211504,1.491749175,-149,0.007595439979,-148.9924046,01/07/2023
"July 26, 2023",202,313,158,"7,647",215,0.5047923323,0.02811560089,1.036111111,-13,0.007679926931,-12.99232007,01/07/2023
"July 25, 2023",134,294,186,"7,510",136,0.6326530612,0.01810918775,1.00625,-2,0.007977541414,-1.992022459,01/07/2023
"July 24, 2023",180,280,146,"7,220",187,0.5214285714,0.02590027701,1.021472393,-7,0.006325196864,-6.993674803,01/07/2023
"July 23, 2023",108,220,213,"7,052",276,0.9681818182,0.03913783324,1.523364486,-168,0.005846550219,-167.9941534,01/07/2023
"July 20, 2023",147,276,214,"7,116",281,0.7753623188,0.03948847667,1.371191136,-134,0.005128309139,-133.9948717,01/07/2023
"July 19, 2023",104,230,206,"7,001",226,0.8956521739,0.0322811027,1.393548387,-122,0.004995230694,-121.9950048,01/07/2023
"July 18, 2023",174,285,150,"6,874",181,0.5263157895,0.02633110271,1.021604938,-7,0.004953981584,-6.995046018,01/07/2023
"July 17, 2023",113,208,159,"6,632",160,0.7644230769,0.02412545235,1.172794118,-47,0.004995651011,-46.99500435,01/07/2023
"July 16, 2023",88,214,160,"6,468",218,0.7476635514,0.03370439085,1.524193548,-130,0.004632260722,-129.9953677,01/07/2023
"July 13, 2023",130,227,192,"6,604",226,0.845814978,0.03422168383,1.298136646,-96,0.004509626152,-95.99549037,01/07/2023
"July 12, 2023",84,158,193,"6,521",210,1.221518987,0.03220364975,1.454873646,-126,0.005058138985,-125.9949419,01/07/2023
"July 11, 2023",115,216,169,"6,498",143,0.7824074074,0.02200677131,1.098591549,-28,0.01077433427,-27.98922567,01/07/2023
"July 10, 2023",167,239,166,"6,346",163,0.6945606695,0.02568547116,0.987987988,4,0.01023364807,4.010233648,01/07/2023
"July 09, 2023",99,190,176,"6,214",196,0.9263157895,0.03154168008,1.352727273,-97,0.009959371755,-96.99004063,01/07/2023
"July 06, 2023",101,162,178,"6,239",205,1.098765432,0.03285782978,1.372759857,-104,0.01025359084,-103.9897464,01/07/2023
"July 05, 2023",107,215,230,"6,193",167,1.069767442,0.02696592927,1.178041543,-60,0.01026478271,-59.98973522,01/07/2023
"July 04, 2023",184,314,217,"6,127",124,0.6910828025,0.02023828954,0.8503740648,60,0.01128997437,60.01128997,01/07/2023
"July 02, 2023",209,285,184,"5,903",309,0.6456140351,0.05234626461,1.254452926,-100,0.009521520799,-99.99047848,01/07/2023
"June 29, 2023",81,213,153,"6,058",213,0.7183098592,0.03516011885,1.564102564,-132,0.007026760619,-131.9929732,01/06/2023
"June 28, 2023",91,199,172,"5,999",174,0.864321608,0.02900483414,1.315589354,-83,0.007713673958,-82.99228633,01/06/2023
"June 27, 2023",154,225,220,"5,917",155,0.9777777778,0.02619570728,1.002673797,-1,0.007984215932,-0.9920157841,01/06/2023
"June 26, 2023",186,259,172,"5,819",174,0.6640926641,0.02990204502,0.9664804469,12,0.00955086056,12.00955086,01/06/2023
"June 25, 2023",92,203,173,"5,766",263,0.8522167488,0.0456122095,1.645283019,-171,0.009702865124,-170.9902971,01/06/2023
"June 22, 2023",124,234,161,"5,956",207,0.688034188,0.03475486904,1.29122807,-83,0.008032559477,-82.99196744,01/06/2023
"June 21, 2023",93,196,169,"5,922",149,0.862244898,0.02516041878,1.213740458,-56,0.007659869432,-55.99234013,01/06/2023
"June 20, 2023",33,53,34,"5,904",134,0.641509434,0.02269647696,2.507462687,-101,0.008534615908,-100.9914654,01/06/2023
"June 19, 2023",29,51,11,"5,679",142,0.2156862745,0.02500440218,3.825,-113,0.008347890927,-112.9916521,01/06/2023
"June 15, 2023",91,75,97,"6,038",272,1.293333333,0.04504802915,1.962765957,-181,0.007630909037,-180.9923691,01/06/2023
"June 14, 2023",62,97,52,"6,065",167,0.5360824742,0.0275350371,1.921052632,-105,0.005971100657,-104.9940289,01/06/2023
"June 13, 2023",59,64,117,"6,061",146,1.828125,0.02408843425,1.494318182,-87,0.005831993803,-86.99416801,01/06/2023
"June 12, 2023",84,118,136,"6,021",177,1.152542373,0.02939711011,1.422727273,-93,0.006430566503,-92.99356943,01/06/2023
"June 11, 2023",86,152,168,"6,007",238,1.105263158,0.03962044282,1.598425197,-152,0.006328385387,-151.9936716,01/06/2023
"June 08, 2023",106,196,131,"6,446",255,0.6683673469,0.03955941669,1.628691983,-149,0.006571928104,-148.9934281,01/06/2023
"June 07, 2023",113,162,107,"6,483",208,0.6604938272,0.03208391177,1.431818182,-95,0.007371291214,-94.99262871,01/06/2023
"June 06, 2023",92,124,93,"6,508",187,0.75,0.02873386601,1.513513514,-95,0.007466151578,-94.99253385,01/06/2023
"June 05, 2023",68,107,102,"6,523",189,0.953271028,0.02897439828,1.711764706,-121,0.01081194476,-120.9891881,01/06/2023
"June 04, 2023",74,103,80,"6,555",292,0.7766990291,0.04454614798,2.415584416,-218,0.01037490029,-217.9896251,01/06/2023
"June 01, 2023",56,82,68,"7,002",287,0.8292682927,0.04098828906,2.862903226,-231,0.009939456279,-230.9900605,01/06/2023
"May 31, 2023",38,80,82,"7,053",210,1.025,0.02977456402,2.433333333,-172,0.009685821619,-171.9903142,01/05/2023
"May 30, 2023",65,83,65,"7,046",168,0.7831325301,0.02384331536,1.792307692,-103,0.01020194727,-102.9897981,01/05/2023
"May 29, 2023",41,60,71,"6,996",207,1.183333333,0.02958833619,2.482142857,-166,0.008902308483,-165.9910977,01/05/2023
"May 25, 2023",43,73,64,"7,546",408,0.8767123288,0.0540683806,4.411214953,-365,0.008188931944,-364.9918111,01/05/2023
"May 24, 2023",35,70,53,"7,709",276,0.7571428571,0.03580230899,3.738636364,-241,0.005124845676,-240.9948752,01/05/2023
"May 23, 2023",25,66,94,"7,788",246,1.424242424,0.03158705701,2.857142857,-221,0.005293852719,-220.9947061,01/05/2023
"May 22, 2023",99,156,139,"7,848",240,0.891025641,0.03058103976,1.592436975,-141,0.005078593749,-140.9949214,01/05/2023
"May 21, 2023",107,170,133,"7,826",343,0.7823529412,0.04382826476,1.983333333,-236,0.005607887015,-235.9943921,01/05/2023
"May 18, 2023",80,122,152,"8,474",351,1.245901639,0.04142081662,2.168103448,-271,0.004976172444,-270.9950238,01/05/2023
"May 17, 2023",57,162,193,"8,569",307,1.191358025,0.0358268176,2,-250,0.005138687929,-249.9948613,01/05/2023
"May 16, 2023",161,304,211,"8,572",272,0.6940789474,0.03173121792,1.298387097,-111,0.00535579282,-110.9946442,01/05/2023
"May 15, 2023",205,294,177,"8,571",277,0.6020408163,0.03231828258,1.188481675,-72,0.006447214979,-71.99355279,01/05/2023
"May 14, 2023",100,255,236,"8,445",288,0.9254901961,0.03410301954,1.55952381,-188,0.006290503926,-187.9937095,01/05/2023
"May 11, 2023",269,412,204,"8,672",392,0.4951456311,0.04520295203,1.260042283,-123,0.006635044976,-122.993365,01/05/2023
"May 10, 2023",168,285,210,"8,681",304,0.7368421053,0.03501900703,1.35978836,-136,0.005762585895,-135.9942374,01/05/2023
"May 09, 2023",187,310,247,"8,606",250,0.7967741935,0.02904950035,1.14516129,-63,0.00609392974,-62.99390607,01/05/2023
"May 08, 2023",133,287,189,"8,590",261,0.6585365854,0.03038416764,1.397515528,-128,0.005930248213,-127.9940698,01/05/2023
"May 07, 2023",180,337,219,"8,485",375,0.649851632,0.04419563936,1.488721805,-195,0.005966652248,-194.9940333,01/05/2023
"May 04, 2023",153,253,286,"8,790",332,1.130434783,0.0377701934,1.407744875,-179,0.004224212649,-178.9957758,01/05/2023
"May 03, 2023",209,353,232,"8,704",267,0.657223796,0.03067555147,1.131519274,-58,0.004405293831,-57.99559471,01/05/2023
"May 02, 2023",167,326,213,"8,654",245,0.6533742331,0.02831060781,1.205263158,-78,0.004618367322,-77.99538163,01/05/2023
"May 01, 2023",224,315,152,"8,492",237,0.4825396825,0.02790861988,1.034574468,-13,0.004823362901,-12.99517664,01/05/2023
"April 30, 2023",132,243,183,"8,352",293,0.7530864198,0.03508141762,1.511111111,-161,0.006082044695,-160.993918,01/04/2023
"April 27, 2023",218,283,208,"8,159",310,0.7349823322,0.03799485231,1.215962441,-92,0.006104343966,-91.99389566,01/04/2023
"April 26, 2023",118,245,160,"8,117",256,0.6530612245,0.03153874584,1.496402878,-138,0.005701189324,-137.9942988,01/04/2023
"April 25, 2023",81,230,242,"8,017",202,1.052173913,0.02519645753,1.374613003,-121,0.005724608351,-120.9942754,01/04/2023
"April 24, 2023",236,330,222,"7,796",213,0.6727272727,0.02732170344,0.9497816594,23,0.004897795514,23.0048978,01/04/2023
"April 23, 2023",196,306,187,"7,534",266,0.6111111111,0.03530661003,1.182767624,-70,0.006026418816,-69.99397358,01/04/2023
"April 20, 2023",113,280,237,"7,490",320,0.8464285714,0.04272363151,1.591428571,-207,0.006001772794,-206.9939982,01/04/2023
"April 19, 2023",239,367,224,"7,356",229,0.6103542234,0.03113104948,0.9784017279,10,0.0072326384,10.00723264,01/04/2023
"April 18, 2023",152,272,214,"7,376",234,0.7867647059,0.03172451193,1.224043716,-82,0.007102246868,-81.99289775,01/04/2023
"April 17, 2023",170,297,196,"7,344",248,0.6599326599,0.03376906318,1.213114754,-78,0.007383374835,-77.99261663,01/04/2023
"April 16, 2023",191,283,192,"7,380",272,0.6784452297,0.03685636856,1.211488251,-81,0.007340365688,-80.99265963,01/04/2023
"April 13, 2023",109,214,173,"7,795",370,0.808411215,0.04746632457,1.925531915,-261,0.007522556064,-260.9924774,01/04/2023
"April 12, 2023",155,212,181,"7,876",283,0.8537735849,0.03593194515,1.380952381,-128,0.005424368438,-127.9945756,01/04/2023
"April 11, 2023",119,209,152,"7,922",187,0.7272727273,0.02360515021,1.250922509,-68,0.005377598132,-67.9946224,01/04/2023
"April 10, 2023",143,203,163,"7,826",265,0.802955665,0.03386148735,1.39869281,-122,0.003485111107,-121.9965149,01/04/2023
"April 09, 2023",105,210,149,"7,900",329,0.7095238095,0.04164556962,1.881889764,-224,0.004668298901,-223.9953317,01/04/2023
"April 06, 2023",119,219,210,"8,178",284,0.9589041096,0.03472731719,1.501519757,-165,0.004353991549,-164.995646,01/04/2023
"April 05, 2023",148,245,175,"8,175",260,0.7142857143,0.03180428135,1.346749226,-112,0.005296373611,-111.9947036,01/04/2023
"April 04, 2023",142,235,139,"8,068",259,0.5914893617,0.03210213188,1.416370107,-117,0.005570511501,-116.9944295,01/04/2023
"April 03, 2023",118,139,168,"8,054",284,1.208633094,0.03526198162,1.58041958,-166,0.00675310453,-165.9932469,01/04/2023
"April 02, 2023",125,232,192,"7,981",304,0.8275862069,0.03809046485,1.56466877,-179,0.006983126429,-178.9930169,01/04/2023
"March 30, 2023",156,256,176,"8,158",359,0.6875,0.0440058838,1.611445783,-203,0.007337643152,-202.9926624,01/03/2023
"March 29, 2023",109,245,159,"8,208",267,0.6489795918,0.03252923977,1.589552239,-158,0.006851260774,-157.9931487,01/03/2023
"March 28, 2023",167,209,157,"8,079",223,0.7511961722,0.02760242604,1.172839506,-56,0.006874939552,-55.99312506,01/03/2023
"March 27, 2023",84,171,157,"7,994",235,0.918128655,0.02939704779,1.626556017,-151,0.006520757466,-150.9934792,01/03/2023
"March 26, 2023",87,246,173,"7,847",352,0.7032520325,0.04485790748,2.019230769,-265,0.00604602721,-264.993954,01/03/2023
"March 23, 2023",136,276,178,"8,102",331,0.6449275362,0.0408541101,1.621019108,-195,0.004833821956,-194.9951662,01/03/2023
"March 22, 2023",166,277,229,"8,097",246,0.8267148014,0.03038162282,1.202531646,-80,0.005958601106,-79.9940414,01/03/2023
"March 21, 2023",110,272,193,"8,050",221,0.7095588235,0.02745341615,1.366336634,-111,0.005862615055,-110.9941374,01/03/2023
"March 20, 2023",202,313,158,"7,931",279,0.5047923323,0.03517841382,1.213888889,-77,0.006404548841,-76.99359545,01/03/2023
"March 19, 2023",134,294,186,"7,885",306,0.6326530612,0.03880786303,1.5375,-172,0.006423829459,-171.9935762,01/03/2023
"March 16, 2023",180,280,146,"7,989",308,0.5214285714,0.03855301039,1.392638037,-128,0.006337594093,-127.9936624,01/03/2023
"March 15, 2023",108,220,213,"7,915",286,0.9681818182,0.03613392293,1.554517134,-178,0.006881443359,-177.9931186,01/03/2023
"March 14, 2023",147,276,214,"7,810",181,0.7753623188,0.02317541613,1.094182825,-34,0.0069909463,-33.99300905,01/03/2023
"March 13, 2023",104,230,206,"7,567",249,0.8956521739,0.03290603938,1.467741935,-145,0.006359425706,-144.9936406,01/03/2023
"March 09, 2023",174,285,150,"7,786",340,0.5263157895,0.04366812227,1.512345679,-166,0.00646683518,-165.9935332,01/03/2023
"March 08, 2023",113,208,159,"7,885",291,0.7644230769,0.0369055168,1.654411765,-178,0.006238104111,-177.9937619,01/03/2023
"March 07, 2023",88,214,160,"7,859",259,0.7476635514,0.0329558468,1.689516129,-171,0.00795904242,-170.992041,01/03/2023
"March 02, 2023",130,227,192,"7,870",335,0.845814978,0.04256670902,1.636645963,-205,0.008448601849,-204.9915514,01/03/2023
"March 01, 2023",84,158,193,"7,930",307,1.221518987,0.03871374527,1.805054152,-223,0.00880839185,-222.9911916,01/03/2023
"February 28, 2023",115,216,169,"7,896",200,0.7824074074,0.02532928065,1.299295775,-85,0.009057787121,-84.99094221,01/02/2023
"February 27, 2023",167,239,166,"7,800",248,0.6945606695,0.03179487179,1.243243243,-81,0.009561846728,-80.99043815,01/02/2023
"February 26, 2023",99,190,176,"7,609",323,0.9263157895,0.04244973058,1.814545455,-224,0.009381859951,-223.9906181,01/02/2023
"February 23, 2023",101,162,178,"7,914",386,1.098765432,0.04877432398,2.021505376,-285,0.009428061232,-284.9905719,01/02/2023
"February 22, 2023",107,215,230,"7,978",232,1.069767442,0.02907996992,1.370919881,-125,0.007109583976,-124.9928904,01/02/2023
"February 21, 2023",184,314,217,"7,967",213,0.6910828025,0.02673528304,1.072319202,-29,0.007856026029,-28.99214397,01/02/2023
"February 20, 2023",209,285,184,"7,817",209,0.6456140351,0.02673659972,1,0,0.007874791559,0.007874791559,01/02/2023
"February 16, 2023",81,213,153,"7,793",361,0.7183098592,0.04632362376,2.196581197,-280,0.006492977956,-279.993507,01/02/2023
"February 15, 2023",91,199,172,"7,869",290,0.864321608,0.03685347566,1.756653992,-199,0.007220853325,-198.9927791,01/02/2023
"February 14, 2023",154,225,220,"7,794",223,0.9777777778,0.02861175263,1.184491979,-69,0.008187606308,-68.99181239,01/02/2023
"February 13, 2023",186,259,172,"7,483",244,0.6640926641,0.03260724308,1.162011173,-58,0.008666761371,-57.99133324,01/02/2023
"February 12, 2023",92,203,173,"7,434",317,0.8522167488,0.04264191552,1.849056604,-225,0.008493456968,-224.9915065,01/02/2023
"February 09, 2023",124,234,161,"7,908",353,0.688034188,0.04463834092,1.803508772,-229,0.008599207862,-228.9914008,01/02/2023
"February 08, 2023",93,196,169,"7,915",317,0.862244898,0.04005053696,1.854961832,-224,0.009147259569,-223.9908527,01/02/2023
"February 07, 2023",16,20,20,"7,855",200,1,0.0254614895,6.111111111,-184,0.008639961108,-183.99136,01/02/2023
"February 06, 2023",11,22,12,"7,720",196,0.5454545455,0.02538860104,9.043478261,-185,0.009240896904,-184.9907591,01/02/2023
"February 05, 2023",16,18,15,"7,586",342,0.8333333333,0.04508304772,11.51612903,-326,0.009435062927,-325.9905649,01/02/2023
"February 02, 2023",15,13,23,"7,879",298,1.769230769,0.03782205864,8.447368421,-283,0.007709948484,-282.9922901,01/02/2023
"February 01, 2023",25,32,27,"7,903",231,0.84375,0.02922940655,4.961538462,-206,0.006620966181,-205.993379,01/02/2023
"January 31, 2023",26,36,36,"7,803",158,1,0.02024862232,3.129032258,-132,0.006853681121,-131.9931463,01/01/2023
"January 30, 2023",34,54,29,"7,743",196,0.537037037,0.0253131861,3.571428571,-162,0.01564046998,-161.9843595,01/01/2023
"January 29, 2023",23,45,11,"7,472",303,0.2444444444,0.04055139186,9.235294118,-280,0.01663855767,-279.9833614,01/01/2023
"January 25, 2023",20,22,41,"7,538",180,1.863636364,0.023879013,3.62295082,-160,0.01836882868,-159.9816312,01/01/2023
"January 24, 2023",47,42,47,"7,433",175,1.119047619,0.02354365667,2.361702128,-128,0.02015570666,-127.9798443,01/01/2023
"January 23, 2023",32,50,39,"7,280",181,0.78,0.02486263736,3.098591549,-149,0.0222374136,-148.9777626,01/01/2023
"January 22, 2023",32,49,39,"7,122",227,0.7959183673,0.03187306936,3.746478873,-195,0.02441612217,-194.9755839,01/01/2023
"January 12, 2023",33,53,34,"6,566",436,0.641509434,0.06640268048,7.014925373,-403,#DIV/0!,#DIV/0!,01/01/2023